commodity_code,obs_date,teacher_supply_demand,crisis_index,base_level,rule_level,alert_level,alert_name,triggers
CO,2020-01-06,67.73351467309547,32.26648532690453,0,0,0,정상,
CO,2020-01-13,67.73351467309547,32.26648532690453,0,0,0,정상,
CO,2020-01-20,67.73351467309547,32.26648532690453,0,0,0,정상,
CO,2020-01-27,67.73351467309547,32.26648532690453,0,0,0,정상,
CO,2020-02-03,65.22778370414171,34.772216295858286,1,1,1,관심,
CO,2020-02-10,65.22778370414171,34.772216295858286,1,1,1,관심,
CO,2020-02-17,65.22778370414171,34.772216295858286,1,1,1,관심,
CO,2020-02-24,65.22778370414171,34.772216295858286,1,1,1,관심,
CO,2020-03-02,71.6827337985163,28.317266201483704,0,0,1,관심,
CO,2020-03-09,71.6827337985163,28.317266201483704,0,0,0,정상,
CO,2020-03-16,71.6827337985163,28.317266201483704,0,0,0,정상,
CO,2020-03-23,71.6827337985163,28.317266201483704,0,0,0,정상,
CO,2020-03-30,71.6827337985163,28.317266201483704,0,0,0,정상,
CO,2020-04-06,73.68412585549284,26.315874144507163,0,0,0,정상,
CO,2020-04-13,73.68412585549284,26.315874144507163,0,0,0,정상,
CO,2020-04-20,73.68412585549284,26.315874144507163,0,0,0,정상,
CO,2020-04-27,73.68412585549284,26.315874144507163,0,0,0,정상,
CO,2020-05-04,73.47573330506773,26.524266694932265,0,0,0,정상,
CO,2020-05-11,73.47573330506773,26.524266694932265,0,0,0,정상,
CO,2020-05-18,73.47573330506773,26.524266694932265,0,0,0,정상,
CO,2020-05-25,73.47573330506773,26.524266694932265,0,0,0,정상,
CO,2020-06-01,73.99358529191542,26.006414708084577,0,0,0,정상,
CO,2020-06-08,73.99358529191542,26.006414708084577,0,0,0,정상,
CO,2020-06-15,73.99358529191542,26.006414708084577,0,0,0,정상,
CO,2020-06-22,73.99358529191542,26.006414708084577,0,0,0,정상,
CO,2020-06-29,73.99358529191542,26.006414708084577,0,0,0,정상,
CO,2020-07-06,74.39577574438809,25.60422425561191,0,0,0,정상,
CO,2020-07-13,74.39577574438809,25.60422425561191,0,0,0,정상,
CO,2020-07-20,74.39577574438809,25.60422425561191,0,0,0,정상,
CO,2020-07-27,74.39577574438809,25.60422425561191,0,0,0,정상,
CO,2020-08-03,65.98598860857169,34.01401139142831,1,1,1,관심,
CO,2020-08-10,65.98598860857169,34.01401139142831,1,1,1,관심,
CO,2020-08-17,65.98598860857169,34.01401139142831,1,1,1,관심,
CO,2020-08-24,65.98598860857169,34.01401139142831,1,1,1,관심,
CO,2020-08-31,65.98598860857169,34.01401139142831,1,1,1,관심,
CO,2020-09-07,65.0012648580672,34.9987351419328,1,1,1,관심,
CO,2020-09-14,65.0012648580672,34.9987351419328,1,1,1,관심,
CO,2020-09-21,65.0012648580672,34.9987351419328,1,1,1,관심,
CO,2020-09-28,65.0012648580672,34.9987351419328,1,1,1,관심,
CO,2020-10-05,65.53665975971867,34.463340240281326,1,1,1,관심,
CO,2020-10-12,65.53665975971867,34.463340240281326,1,1,1,관심,
CO,2020-10-19,65.53665975971867,34.463340240281326,1,1,1,관심,
CO,2020-10-26,65.53665975971867,34.463340240281326,1,1,1,관심,
CO,2020-11-02,67.03712930395976,32.96287069604024,1,1,1,관심,
CO,2020-11-09,67.03712930395976,32.96287069604024,1,1,1,관심,
CO,2020-11-16,67.03712930395976,32.96287069604024,1,1,1,관심,
CO,2020-11-23,67.03712930395976,32.96287069604024,1,1,1,관심,
CO,2020-11-30,67.03712930395976,32.96287069604024,1,1,1,관심,
CO,2020-12-07,67.35539091619628,32.644609083803715,0,0,1,관심,
CO,2020-12-14,67.35539091619628,32.644609083803715,0,0,0,정상,
CO,2020-12-21,67.35539091619628,32.644609083803715,0,0,0,정상,
CO,2020-12-28,67.35539091619628,32.644609083803715,0,0,0,정상,
CO,2021-01-04,62.91265322220392,37.08734677779608,1,3,3,경계,수입편중極
CO,2021-01-11,62.91265322220392,37.08734677779608,1,3,3,경계,수입편중極
CO,2021-01-18,62.91265322220392,37.08734677779608,1,3,3,경계,수입편중極
CO,2021-01-25,62.91265322220392,37.08734677779608,1,3,3,경계,수입편중極
CO,2021-02-01,43.70474722539274,56.29525277460726,1,3,3,경계,수입편중極
CO,2021-02-08,43.70474722539274,56.29525277460726,1,3,3,경계,수입편중極
CO,2021-02-15,43.70474722539274,56.29525277460726,1,3,3,경계,수입편중極
CO,2021-02-22,43.70474722539274,56.29525277460726,1,3,3,경계,수입편중極
CO,2021-03-01,33.86451457344896,66.13548542655104,2,3,3,경계,수입편중極
CO,2021-03-08,33.86451457344896,66.13548542655104,2,3,3,경계,수입편중極
CO,2021-03-15,33.86451457344896,66.13548542655104,2,3,3,경계,수입편중極
CO,2021-03-22,33.86451457344896,66.13548542655104,2,3,3,경계,수입편중極
CO,2021-03-29,33.86451457344896,66.13548542655104,2,3,3,경계,수입편중極
CO,2021-04-05,40.033079144253,59.966920855747,1,3,3,경계,수입편중極
CO,2021-04-12,40.033079144253,59.966920855747,1,3,3,경계,수입편중極
CO,2021-04-19,40.033079144253,59.966920855747,1,3,3,경계,수입편중極
CO,2021-04-26,40.033079144253,59.966920855747,1,3,3,경계,수입편중極
CO,2021-05-03,49.26967671351162,50.73032328648838,1,3,3,경계,수입편중極
CO,2021-05-10,49.26967671351162,50.73032328648838,1,3,3,경계,수입편중極
CO,2021-05-17,49.26967671351162,50.73032328648838,1,3,3,경계,수입편중極
CO,2021-05-24,49.26967671351162,50.73032328648838,1,3,3,경계,수입편중極
CO,2021-05-31,49.26967671351162,50.73032328648838,1,3,3,경계,수입편중極
CO,2021-06-07,49.60342928521076,50.39657071478924,1,3,3,경계,수입편중極
CO,2021-06-14,49.60342928521076,50.39657071478924,1,3,3,경계,수입편중極
CO,2021-06-21,49.60342928521076,50.39657071478924,1,3,3,경계,수입편중極
CO,2021-06-28,49.60342928521076,50.39657071478924,1,3,3,경계,수입편중極
CO,2021-07-05,34.74775681380699,65.25224318619301,2,3,3,경계,수입편중極
CO,2021-07-12,34.74775681380699,65.25224318619301,2,3,3,경계,수입편중極
CO,2021-07-19,34.74775681380699,65.25224318619301,2,3,3,경계,수입편중極
CO,2021-07-26,34.74775681380699,65.25224318619301,2,3,3,경계,수입편중極
CO,2021-08-02,34.48895969495754,65.51104030504246,2,3,3,경계,수입편중極
CO,2021-08-09,34.48895969495754,65.51104030504246,2,3,3,경계,수입편중極
CO,2021-08-16,34.48895969495754,65.51104030504246,2,3,3,경계,수입편중極
CO,2021-08-23,34.48895969495754,65.51104030504246,2,3,3,경계,수입편중極
CO,2021-08-30,34.48895969495754,65.51104030504246,2,3,3,경계,수입편중極
CO,2021-09-06,34.49729818165189,65.5027018183481,2,3,3,경계,수입편중極
CO,2021-09-13,34.49729818165189,65.5027018183481,2,3,3,경계,수입편중極
CO,2021-09-20,34.49729818165189,65.5027018183481,2,3,3,경계,수입편중極
CO,2021-09-27,34.49729818165189,65.5027018183481,2,3,3,경계,수입편중極
CO,2021-10-04,28.502616237125608,71.49738376287439,3,3,3,경계,수입편중極
CO,2021-10-11,28.502616237125608,71.49738376287439,3,3,3,경계,수입편중極
CO,2021-10-18,28.502616237125608,71.49738376287439,3,3,3,경계,수입편중極
CO,2021-10-25,28.502616237125608,71.49738376287439,3,3,3,경계,수입편중極
CO,2021-11-01,20.525594839973163,79.47440516002683,3,3,3,경계,수입편중極
CO,2021-11-08,20.525594839973163,79.47440516002683,3,3,3,경계,수입편중極
CO,2021-11-15,20.525594839973163,79.47440516002683,3,3,3,경계,수입편중極
CO,2021-11-22,20.525594839973163,79.47440516002683,3,3,3,경계,수입편중極
CO,2021-11-29,20.525594839973163,79.47440516002683,3,3,3,경계,수입편중極
CO,2021-12-06,9.872771567028698,90.12722843297131,3,3,3,경계,수입편중極
CO,2021-12-13,9.872771567028698,90.12722843297131,3,3,3,경계,수입편중極
CO,2021-12-20,9.872771567028698,90.12722843297131,3,3,3,경계,수입편중極
CO,2021-12-27,9.872771567028698,90.12722843297131,3,3,3,경계,수입편중極
CO,2022-01-03,9.191030263876048,90.80896973612396,3,3,3,경계,
CO,2022-01-10,9.191030263876048,90.80896973612396,3,3,3,경계,
CO,2022-01-17,9.191030263876048,90.80896973612396,3,3,3,경계,
CO,2022-01-24,9.191030263876048,90.80896973612396,3,3,3,경계,
CO,2022-01-31,9.191030263876048,90.80896973612396,3,3,3,경계,
CO,2022-02-07,8.246292946484795,91.7537070535152,4,4,4,심각,
CO,2022-02-14,8.246292946484795,91.7537070535152,4,4,4,심각,
CO,2022-02-21,8.246292946484795,91.7537070535152,4,4,4,심각,
CO,2022-02-28,8.246292946484795,91.7537070535152,4,4,4,심각,
CO,2022-03-07,3.690800132912151,96.30919986708786,4,4,4,심각,
CO,2022-03-14,3.690800132912151,96.30919986708786,4,4,4,심각,
CO,2022-03-21,3.690800132912151,96.30919986708786,4,4,4,심각,
CO,2022-03-28,3.690800132912151,96.30919986708786,4,4,4,심각,
CO,2022-04-04,3.91396924081853,96.08603075918147,4,4,4,심각,
CO,2022-04-11,3.91396924081853,96.08603075918147,4,4,4,심각,
CO,2022-04-18,3.91396924081853,96.08603075918147,4,4,4,심각,
CO,2022-04-25,3.91396924081853,96.08603075918147,4,4,4,심각,
CO,2022-05-02,5.240022280807992,94.75997771919201,4,4,4,심각,
CO,2022-05-09,5.240022280807992,94.75997771919201,4,4,4,심각,
CO,2022-05-16,5.240022280807992,94.75997771919201,4,4,4,심각,
CO,2022-05-23,5.240022280807992,94.75997771919201,4,4,4,심각,
CO,2022-05-30,5.240022280807992,94.75997771919201,4,4,4,심각,
CO,2022-06-06,8.742129242626795,91.25787075737321,3,3,4,심각,
CO,2022-06-13,8.742129242626795,91.25787075737321,3,3,3,경계,
CO,2022-06-20,8.742129242626795,91.25787075737321,3,3,3,경계,
CO,2022-06-27,8.742129242626795,91.25787075737321,3,3,3,경계,
CO,2022-07-04,28.07536246746814,71.92463753253186,3,3,3,경계,
CO,2022-07-11,28.07536246746814,71.92463753253186,3,3,3,경계,
CO,2022-07-18,28.07536246746814,71.92463753253186,3,3,3,경계,변동성급증
CO,2022-07-25,28.07536246746814,71.92463753253186,3,3,3,경계,변동성급증
CO,2022-08-01,40.990079289971064,59.009920710028936,1,1,3,경계,변동성급증
CO,2022-08-08,40.990079289971064,59.009920710028936,1,1,1,관심,변동성급증
CO,2022-08-15,40.990079289971064,59.009920710028936,1,1,1,관심,변동성급증
CO,2022-08-22,40.990079289971064,59.009920710028936,1,1,1,관심,변동성급증
CO,2022-08-29,40.990079289971064,59.009920710028936,1,1,1,관심,변동성급증
CO,2022-09-05,37.09384828373041,62.90615171626959,2,2,2,주의,변동성급증
CO,2022-09-12,37.09384828373041,62.90615171626959,2,2,2,주의,변동성급증
CO,2022-09-19,37.09384828373041,62.90615171626959,2,2,2,주의,변동성급증
CO,2022-09-26,37.09384828373041,62.90615171626959,2,2,2,주의,변동성급증
CO,2022-10-03,36.972139208334816,63.027860791665184,2,2,2,주의,변동성급증
CO,2022-10-10,36.972139208334816,63.027860791665184,2,2,2,주의,
CO,2022-10-17,36.972139208334816,63.027860791665184,2,2,2,주의,
CO,2022-10-24,36.972139208334816,63.027860791665184,2,2,2,주의,
CO,2022-10-31,36.972139208334816,63.027860791665184,2,2,2,주의,
CO,2022-11-07,36.5170865487977,63.4829134512023,2,2,2,주의,
CO,2022-11-14,36.5170865487977,63.4829134512023,2,2,2,주의,
CO,2022-11-21,36.5170865487977,63.4829134512023,2,2,2,주의,
CO,2022-11-28,36.5170865487977,63.4829134512023,2,2,2,주의,
CO,2022-12-05,36.20065703503189,63.79934296496811,2,2,2,주의,
CO,2022-12-12,36.20065703503189,63.79934296496811,2,2,2,주의,
CO,2022-12-19,36.20065703503189,63.79934296496811,2,2,2,주의,
CO,2022-12-26,36.20065703503189,63.79934296496811,2,2,2,주의,
CO,2023-01-02,41.793673464728734,58.206326535271266,1,1,2,주의,
CO,2023-01-09,41.793673464728734,58.206326535271266,1,1,1,관심,
CO,2023-01-16,41.793673464728734,58.206326535271266,1,1,1,관심,
CO,2023-01-23,41.793673464728734,58.206326535271266,1,1,1,관심,
CO,2023-01-30,41.793673464728734,58.206326535271266,1,1,1,관심,
CO,2023-02-06,64.4125481928067,35.587451807193304,1,1,1,관심,
CO,2023-02-13,64.4125481928067,35.587451807193304,1,1,1,관심,
CO,2023-02-20,64.4125481928067,35.587451807193304,1,1,1,관심,
CO,2023-02-27,64.4125481928067,35.587451807193304,1,1,1,관심,
CO,2023-03-06,69.95312723621433,30.04687276378567,0,0,1,관심,
CO,2023-03-13,69.95312723621433,30.04687276378567,0,0,0,정상,
CO,2023-03-20,69.95312723621433,30.04687276378567,0,0,0,정상,
CO,2023-03-27,69.95312723621433,30.04687276378567,0,0,0,정상,
CO,2023-04-03,68.76526235522064,31.234737644779358,0,1,1,관심,변동성급증
CO,2023-04-10,68.76526235522064,31.234737644779358,0,1,1,관심,변동성급증
CO,2023-04-17,68.76526235522064,31.234737644779358,0,1,1,관심,변동성급증
CO,2023-04-24,68.76526235522064,31.234737644779358,0,1,1,관심,변동성급증
CO,2023-05-01,70.93077488200193,29.069225117998073,0,0,1,관심,
CO,2023-05-08,70.93077488200193,29.069225117998073,0,0,0,정상,
CO,2023-05-15,70.93077488200193,29.069225117998073,0,0,0,정상,
CO,2023-05-22,70.93077488200193,29.069225117998073,0,0,0,정상,
CO,2023-05-29,70.93077488200193,29.069225117998073,0,0,0,정상,
CO,2023-06-05,76.91496703197208,23.085032968027917,0,0,0,정상,
CO,2023-06-12,76.91496703197208,23.085032968027917,0,0,0,정상,
CO,2023-06-19,76.91496703197208,23.085032968027917,0,0,0,정상,
CO,2023-06-26,76.91496703197208,23.085032968027917,0,0,0,정상,
CO,2023-07-03,70.92692176717024,29.073078232829758,0,1,1,관심,변동성급증
CO,2023-07-10,70.92692176717024,29.073078232829758,0,1,1,관심,변동성급증
CO,2023-07-17,70.92692176717024,29.073078232829758,0,1,1,관심,변동성급증
CO,2023-07-24,70.92692176717024,29.073078232829758,0,1,1,관심,변동성급증
CO,2023-07-31,70.92692176717024,29.073078232829758,0,1,1,관심,변동성급증
CO,2023-08-07,71.15243119506349,28.847568804936515,0,1,1,관심,변동성급증
CO,2023-08-14,71.15243119506349,28.847568804936515,0,0,1,관심,
CO,2023-08-21,71.15243119506349,28.847568804936515,0,0,0,정상,
CO,2023-08-28,71.15243119506349,28.847568804936515,0,0,0,정상,
CO,2023-09-04,71.04217686829219,28.957823131707812,0,0,0,정상,
CO,2023-09-11,71.04217686829219,28.957823131707812,0,0,0,정상,
CO,2023-09-18,71.04217686829219,28.957823131707812,0,0,0,정상,
CO,2023-09-25,71.04217686829219,28.957823131707812,0,0,0,정상,
CO,2023-10-02,71.57582752871441,28.424172471285587,0,0,0,정상,
CO,2023-10-09,71.57582752871441,28.424172471285587,0,0,0,정상,
CO,2023-10-16,71.57582752871441,28.424172471285587,0,0,0,정상,
CO,2023-10-23,71.57582752871441,28.424172471285587,0,0,0,정상,
CO,2023-10-30,71.57582752871441,28.424172471285587,0,0,0,정상,
CO,2023-11-06,71.09544187032976,28.904558129670235,0,0,0,정상,
CO,2023-11-13,71.09544187032976,28.904558129670235,0,0,0,정상,
CO,2023-11-20,71.09544187032976,28.904558129670235,0,0,0,정상,
CO,2023-11-27,71.09544187032976,28.904558129670235,0,0,0,정상,
CO,2023-12-04,74.64052777926291,25.35947222073709,0,0,0,정상,
CO,2023-12-11,74.64052777926291,25.35947222073709,0,0,0,정상,
CO,2023-12-18,74.64052777926291,25.35947222073709,0,0,0,정상,
CO,2023-12-25,74.64052777926291,25.35947222073709,0,0,0,정상,
CO,2024-01-01,76.96062856158731,23.039371438412687,0,0,0,정상,
CO,2024-01-08,76.96062856158731,23.039371438412687,0,0,0,정상,
CO,2024-01-15,76.96062856158731,23.039371438412687,0,0,0,정상,
CO,2024-01-22,76.96062856158731,23.039371438412687,0,0,0,정상,
CO,2024-01-29,76.96062856158731,23.039371438412687,0,0,0,정상,
CO,2024-02-05,77.40527195387283,22.594728046127173,0,0,0,정상,
CO,2024-02-12,77.40527195387283,22.594728046127173,0,0,0,정상,
CO,2024-02-19,77.40527195387283,22.594728046127173,0,0,0,정상,
CO,2024-02-26,77.40527195387283,22.594728046127173,0,0,0,정상,
CO,2024-03-04,77.23407813179261,22.765921868207386,0,0,0,정상,
CO,2024-03-11,77.23407813179261,22.765921868207386,0,0,0,정상,
CO,2024-03-18,77.23407813179261,22.765921868207386,0,0,0,정상,
CO,2024-03-25,77.23407813179261,22.765921868207386,0,0,0,정상,
CO,2024-04-01,77.69116765428542,22.308832345714578,0,0,0,정상,
CO,2024-04-08,77.69116765428542,22.308832345714578,0,0,0,정상,
CO,2024-04-15,77.69116765428542,22.308832345714578,0,0,0,정상,
CO,2024-04-22,77.69116765428542,22.308832345714578,0,0,0,정상,
CO,2024-04-29,77.69116765428542,22.308832345714578,0,0,0,정상,
CO,2024-05-06,77.97654736168019,22.02345263831981,0,0,0,정상,
CO,2024-05-13,77.97654736168019,22.02345263831981,0,0,0,정상,
CO,2024-05-20,77.97654736168019,22.02345263831981,0,0,0,정상,
CO,2024-05-27,77.97654736168019,22.02345263831981,0,0,0,정상,
CO,2024-06-03,78.75095766202189,21.24904233797811,0,0,0,정상,
CO,2024-06-10,78.75095766202189,21.24904233797811,0,0,0,정상,
CO,2024-06-17,78.75095766202189,21.24904233797811,0,0,0,정상,
CO,2024-06-24,78.75095766202189,21.24904233797811,0,0,0,정상,
CO,2024-07-01,78.85062923741722,21.149370762582777,0,0,0,정상,
CO,2024-07-08,78.85062923741722,21.149370762582777,0,0,0,정상,
CO,2024-07-15,78.85062923741722,21.149370762582777,0,0,0,정상,
CO,2024-07-22,78.85062923741722,21.149370762582777,0,0,0,정상,
CO,2024-07-29,78.85062923741722,21.149370762582777,0,0,0,정상,
CO,2024-08-05,79.70433421930589,20.295665780694108,0,0,0,정상,
CO,2024-08-12,79.70433421930589,20.295665780694108,0,0,0,정상,
CO,2024-08-19,79.70433421930589,20.295665780694108,0,0,0,정상,
CO,2024-08-26,79.70433421930589,20.295665780694108,0,0,0,정상,
CO,2024-09-02,80.68516810774601,19.31483189225399,0,0,0,정상,
CO,2024-09-09,80.68516810774601,19.31483189225399,0,0,0,정상,
CO,2024-09-16,80.68516810774601,19.31483189225399,0,0,0,정상,
CO,2024-09-23,80.68516810774601,19.31483189225399,0,0,0,정상,
CO,2024-09-30,80.68516810774601,19.31483189225399,0,0,0,정상,
CO,2024-10-07,80.64653176358378,19.35346823641622,0,0,0,정상,
CO,2024-10-14,80.64653176358378,19.35346823641622,0,0,0,정상,
CO,2024-10-21,80.64653176358378,19.35346823641622,0,0,0,정상,
CO,2024-10-28,80.64653176358378,19.35346823641622,0,0,0,정상,
CO,2024-11-04,80.64207264093679,19.35792735906321,0,0,0,정상,
CO,2024-11-11,80.64207264093679,19.35792735906321,0,0,0,정상,
CO,2024-11-18,80.64207264093679,19.35792735906321,0,0,0,정상,
CO,2024-11-25,80.64207264093679,19.35792735906321,0,0,0,정상,
CO,2024-12-02,80.84283427593878,19.157165724061215,0,0,0,정상,
CO,2024-12-09,80.84283427593878,19.157165724061215,0,0,0,정상,
CO,2024-12-16,80.84283427593878,19.157165724061215,0,0,0,정상,
CO,2024-12-23,80.84283427593878,19.157165724061215,0,0,0,정상,
CO,2024-12-30,80.84283427593878,19.157165724061215,0,0,0,정상,
CO,2025-01-06,81.74284864612837,18.257151353871635,0,0,0,정상,
CO,2025-01-13,81.74284864612837,18.257151353871635,0,0,0,정상,
CO,2025-01-20,81.74284864612837,18.257151353871635,0,0,0,정상,
CO,2025-01-27,81.74284864612837,18.257151353871635,0,0,0,정상,
CO,2025-02-03,83.54871131941107,16.45128868058893,0,0,0,정상,
CO,2025-02-10,83.54871131941107,16.45128868058893,0,0,0,정상,
CO,2025-02-17,83.54871131941107,16.45128868058893,0,0,0,정상,
CO,2025-02-24,83.54871131941107,16.45128868058893,0,0,0,정상,
CO,2025-03-03,72.35371042570182,27.64628957429818,0,0,0,정상,
CO,2025-03-10,72.35371042570182,27.64628957429818,0,1,1,관심,변동성급증
CO,2025-03-17,72.35371042570182,27.64628957429818,0,1,1,관심,변동성급증
CO,2025-03-24,72.35371042570182,27.64628957429818,0,1,1,관심,변동성급증
CO,2025-03-31,72.35371042570182,27.64628957429818,0,1,1,관심,변동성급증
CO,2025-04-07,68.99502718519848,31.00497281480152,0,1,1,관심,변동성급증
CO,2025-04-14,68.99502718519848,31.00497281480152,0,1,1,관심,변동성급증
CO,2025-04-21,68.99502718519848,31.00497281480152,0,1,1,관심,변동성급증
CO,2025-04-28,68.99502718519848,31.00497281480152,0,1,1,관심,변동성급증
CO,2025-05-05,69.02489885857504,30.975101141424958,0,2,2,주의,변동성급증+지정학0.92
CO,2025-05-12,69.02489885857504,30.975101141424958,0,2,2,주의,변동성급증+지정학0.92
CO,2025-05-19,69.02489885857504,30.975101141424958,0,2,2,주의,변동성급증+지정학0.92
CO,2025-05-26,69.02489885857504,30.975101141424958,0,2,2,주의,변동성급증+지정학0.92
CO,2025-06-02,69.21058430602294,30.789415693977062,0,0,2,주의,
CO,2025-06-09,69.21058430602294,30.789415693977062,0,0,0,정상,
CO,2025-06-16,69.21058430602294,30.789415693977062,0,0,0,정상,
CO,2025-06-23,69.21058430602294,30.789415693977062,0,0,0,정상,
CO,2025-06-30,69.21058430602294,30.789415693977062,0,0,0,정상,
CO,2025-07-07,69.3103789212776,30.689621078722396,0,0,0,정상,
CO,2025-07-14,69.3103789212776,30.689621078722396,0,0,0,정상,
CO,2025-07-21,69.3103789212776,30.689621078722396,0,0,0,정상,
CO,2025-07-28,69.3103789212776,30.689621078722396,0,0,0,정상,
CO,2025-08-04,69.2382975011488,30.761702498851193,0,0,0,정상,
CO,2025-08-11,69.2382975011488,30.761702498851193,0,0,0,정상,
CO,2025-08-18,69.2382975011488,30.761702498851193,0,0,0,정상,
CO,2025-08-25,69.2382975011488,30.761702498851193,0,0,0,정상,
CO,2025-09-01,68.51801277429652,31.481987225703477,0,0,0,정상,
CO,2025-09-08,68.51801277429652,31.481987225703477,0,0,0,정상,
CO,2025-09-15,68.51801277429652,31.481987225703477,0,0,0,정상,
CO,2025-09-22,68.51801277429652,31.481987225703477,0,0,0,정상,
CO,2025-09-29,68.51801277429652,31.481987225703477,0,0,0,정상,
CO,2025-10-06,53.2698522654367,46.7301477345633,1,1,1,관심,
CO,2025-10-13,53.2698522654367,46.7301477345633,1,1,1,관심,
CO,2025-10-20,53.2698522654367,46.7301477345633,1,1,1,관심,
CO,2025-10-27,53.2698522654367,46.7301477345633,1,1,1,관심,
CO,2025-11-03,43.439273007776315,56.560726992223685,1,1,1,관심,
CO,2025-11-10,43.439273007776315,56.560726992223685,1,1,1,관심,
CO,2025-11-17,43.439273007776315,56.560726992223685,1,1,1,관심,
CO,2025-11-24,43.439273007776315,56.560726992223685,1,1,1,관심,
CO,2025-12-01,37.67804395589622,62.32195604410378,1,1,1,관심,
CO,2025-12-08,37.67804395589622,62.32195604410378,1,1,1,관심,
CO,2025-12-15,37.67804395589622,62.32195604410378,1,1,1,관심,
CO,2025-12-22,37.67804395589622,62.32195604410378,1,1,1,관심,
CO,2025-12-29,37.67804395589622,62.32195604410378,1,1,1,관심,
CO,2026-01-05,32.0258864016493,67.9741135983507,3,4,4,심각,지정학0.85
CO,2026-01-12,32.0258864016493,67.9741135983507,3,4,4,심각,지정학0.85
CO,2026-01-19,32.0258864016493,67.9741135983507,3,4,4,심각,지정학0.85
CO,2026-01-26,32.0258864016493,67.9741135983507,3,4,4,심각,지정학0.85
CO,2026-02-02,32.36084105515483,67.63915894484518,3,3,4,심각,
CO,2026-02-09,32.36084105515483,67.63915894484518,3,3,3,경계,
CO,2026-02-16,32.36084105515483,67.63915894484518,3,3,3,경계,
CO,2026-02-23,32.36084105515483,67.63915894484518,3,3,3,경계,
CO,2026-03-02,32.98349045639004,67.01650954360997,2,2,3,경계,
CO,2026-03-09,32.98349045639004,67.01650954360997,2,2,2,주의,
CO,2026-03-16,32.98349045639004,67.01650954360997,2,2,2,주의,
CO,2026-03-23,32.98349045639004,67.01650954360997,2,2,2,주의,
CO,2026-03-30,32.98349045639004,67.01650954360997,2,2,2,주의,
CO,2026-04-06,33.65755516040095,66.34244483959904,2,2,2,주의,
CO,2026-04-13,33.65755516040095,66.34244483959904,2,2,2,주의,
CO,2026-04-20,33.65755516040095,66.34244483959904,2,2,2,주의,
CO,2026-04-27,33.65755516040095,66.34244483959904,2,2,2,주의,
CO,2026-05-04,34.63334024893673,65.36665975106327,2,2,2,주의,
CO,2026-05-11,34.63334024893673,65.36665975106327,2,2,2,주의,
CO,2026-05-18,34.63334024893673,65.36665975106327,2,2,2,주의,
CO,2026-05-25,34.63334024893673,65.36665975106327,2,2,2,주의,
CO,2026-06-01,34.63334024893673,65.36665975106327,2,2,2,주의,
CO,2026-06-08,34.63334024893673,65.36665975106327,2,2,2,주의,
CU,2020-01-06,65.86359949811276,34.13640050188724,0,3,3,경계,수입편중極
CU,2020-01-13,65.86359949811276,34.13640050188724,0,3,3,경계,수입편중極
CU,2020-01-20,65.86359949811276,34.13640050188724,0,3,3,경계,수입편중極
CU,2020-01-27,65.86359949811276,34.13640050188724,0,3,3,경계,수입편중極
CU,2020-02-03,76.52158860655992,23.478411393440084,0,3,3,경계,수입편중極
CU,2020-02-10,76.52158860655992,23.478411393440084,0,3,3,경계,수입편중極
CU,2020-02-17,76.52158860655992,23.478411393440084,0,3,3,경계,수입편중極
CU,2020-02-24,76.52158860655992,23.478411393440084,0,3,3,경계,수입편중極
CU,2020-03-02,87.81828231345531,12.181717686544687,0,3,3,경계,수입편중極
CU,2020-03-09,87.81828231345531,12.181717686544687,0,3,3,경계,수입편중極
CU,2020-03-16,87.81828231345531,12.181717686544687,0,3,3,경계,변동성급증+수입편중極
CU,2020-03-23,87.81828231345531,12.181717686544687,0,3,3,경계,변동성급증+수입편중極
CU,2020-03-30,87.81828231345531,12.181717686544687,0,3,3,경계,변동성급증+수입편중極
CU,2020-04-06,89.84102828167389,10.158971718326114,0,3,3,경계,변동성급증+수입편중極
CU,2020-04-13,89.84102828167389,10.158971718326114,0,3,3,경계,변동성급증+수입편중極
CU,2020-04-20,89.84102828167389,10.158971718326114,0,3,3,경계,변동성급증+수입편중極
CU,2020-04-27,89.84102828167389,10.158971718326114,0,3,3,경계,변동성급증+수입편중極
CU,2020-05-04,86.59852282499614,13.401477175003862,0,3,3,경계,변동성급증+수입편중極
CU,2020-05-11,86.59852282499614,13.401477175003862,0,3,3,경계,변동성급증+수입편중極
CU,2020-05-18,86.59852282499614,13.401477175003862,0,3,3,경계,변동성급증+수입편중極
CU,2020-05-25,86.59852282499614,13.401477175003862,0,3,3,경계,변동성급증+수입편중極
CU,2020-06-01,74.91754240387368,25.082457596126318,0,3,3,경계,변동성급증+수입편중極
CU,2020-06-08,74.91754240387368,25.082457596126318,0,3,3,경계,수입편중極
CU,2020-06-15,74.91754240387368,25.082457596126318,0,3,3,경계,수입편중極
CU,2020-06-22,74.91754240387368,25.082457596126318,0,3,3,경계,수입편중極
CU,2020-06-29,74.91754240387368,25.082457596126318,0,3,3,경계,수입편중極
CU,2020-07-06,55.40931250656174,44.59068749343826,0,3,3,경계,수입편중極
CU,2020-07-13,55.40931250656174,44.59068749343826,0,3,3,경계,수입편중極
CU,2020-07-20,55.40931250656174,44.59068749343826,0,3,3,경계,수입편중極
CU,2020-07-27,55.40931250656174,44.59068749343826,0,3,3,경계,수입편중極
CU,2020-08-03,50.33193714999851,49.66806285000149,0,3,3,경계,수입편중極
CU,2020-08-10,50.33193714999851,49.66806285000149,0,3,3,경계,수입편중極
CU,2020-08-17,50.33193714999851,49.66806285000149,0,3,3,경계,수입편중極
CU,2020-08-24,50.33193714999851,49.66806285000149,0,3,3,경계,수입편중極
CU,2020-08-31,50.33193714999851,49.66806285000149,0,3,3,경계,수입편중極
CU,2020-09-07,43.26616983416205,56.73383016583795,0,3,3,경계,수입편중極
CU,2020-09-14,43.26616983416205,56.73383016583795,0,3,3,경계,수입편중極
CU,2020-09-21,43.26616983416205,56.73383016583795,0,3,3,경계,수입편중極
CU,2020-09-28,43.26616983416205,56.73383016583795,0,3,3,경계,수입편중極
CU,2020-10-05,43.602084909045985,56.397915090954015,0,3,3,경계,수입편중極
CU,2020-10-12,43.602084909045985,56.397915090954015,0,3,3,경계,수입편중極
CU,2020-10-19,43.602084909045985,56.397915090954015,0,3,3,경계,수입편중極
CU,2020-10-26,43.602084909045985,56.397915090954015,0,3,3,경계,수입편중極
CU,2020-11-02,31.6302821554837,68.3697178445163,0,3,3,경계,수입편중極
CU,2020-11-09,31.6302821554837,68.3697178445163,0,3,3,경계,수입편중極
CU,2020-11-16,31.6302821554837,68.3697178445163,0,3,3,경계,수입편중極
CU,2020-11-23,31.6302821554837,68.3697178445163,0,3,3,경계,수입편중極
CU,2020-11-30,31.6302821554837,68.3697178445163,0,3,3,경계,수입편중極
CU,2020-12-07,14.572245043467706,85.4277549565323,1,3,3,경계,수입편중極
CU,2020-12-14,14.572245043467706,85.4277549565323,1,3,3,경계,수입편중極
CU,2020-12-21,14.572245043467706,85.4277549565323,1,3,3,경계,수입편중極
CU,2020-12-28,14.572245043467706,85.4277549565323,1,3,3,경계,수입편중極
CU,2021-01-04,29.103153599611783,70.89684640038821,0,0,3,경계,
CU,2021-01-11,29.103153599611783,70.89684640038821,0,0,0,정상,
CU,2021-01-18,29.103153599611783,70.89684640038821,0,0,0,정상,
CU,2021-01-25,29.103153599611783,70.89684640038821,0,0,0,정상,
CU,2021-02-01,17.723606355946632,82.27639364405337,0,0,0,정상,
CU,2021-02-08,17.723606355946632,82.27639364405337,0,0,0,정상,
CU,2021-02-15,17.723606355946632,82.27639364405337,0,0,0,정상,
CU,2021-02-22,17.723606355946632,82.27639364405337,0,0,0,정상,
CU,2021-03-01,9.739336720527675,90.26066327947233,1,1,1,관심,
CU,2021-03-08,9.739336720527675,90.26066327947233,1,1,1,관심,변동성급증
CU,2021-03-15,9.739336720527675,90.26066327947233,1,1,1,관심,변동성급증
CU,2021-03-22,9.739336720527675,90.26066327947233,1,1,1,관심,변동성급증
CU,2021-03-29,9.739336720527675,90.26066327947233,1,1,1,관심,변동성급증
CU,2021-04-05,6.062472875216828,93.93752712478317,2,2,2,주의,변동성급증
CU,2021-04-12,6.062472875216828,93.93752712478317,2,2,2,주의,변동성급증
CU,2021-04-19,6.062472875216828,93.93752712478317,2,2,2,주의,변동성급증
CU,2021-04-26,6.062472875216828,93.93752712478317,2,2,2,주의,변동성급증
CU,2021-05-03,2.1247929956865708,97.87520700431342,3,3,3,경계,
CU,2021-05-10,2.1247929956865708,97.87520700431342,3,3,3,경계,
CU,2021-05-17,2.1247929956865708,97.87520700431342,3,3,3,경계,
CU,2021-05-24,2.1247929956865708,97.87520700431342,3,3,3,경계,
CU,2021-05-31,2.1247929956865708,97.87520700431342,3,3,3,경계,
CU,2021-06-07,4.128506946088883,95.87149305391112,2,2,3,경계,
CU,2021-06-14,4.128506946088883,95.87149305391112,2,2,2,주의,
CU,2021-06-21,4.128506946088883,95.87149305391112,2,2,2,주의,
CU,2021-06-28,4.128506946088883,95.87149305391112,2,2,2,주의,
CU,2021-07-05,5.059085554270808,94.94091444572919,2,2,2,주의,
CU,2021-07-12,5.059085554270808,94.94091444572919,2,2,2,주의,
CU,2021-07-19,5.059085554270808,94.94091444572919,2,2,2,주의,
CU,2021-07-26,5.059085554270808,94.94091444572919,2,2,2,주의,
CU,2021-08-02,5.668949358086019,94.33105064191398,2,2,2,주의,
CU,2021-08-09,5.668949358086019,94.33105064191398,2,2,2,주의,
CU,2021-08-16,5.668949358086019,94.33105064191398,2,2,2,주의,
CU,2021-08-23,5.668949358086019,94.33105064191398,2,2,2,주의,
CU,2021-08-30,5.668949358086019,94.33105064191398,2,2,2,주의,
CU,2021-09-06,5.893410901504509,94.10658909849549,2,2,2,주의,
CU,2021-09-13,5.893410901504509,94.10658909849549,2,2,2,주의,
CU,2021-09-20,5.893410901504509,94.10658909849549,2,2,2,주의,
CU,2021-09-27,5.893410901504509,94.10658909849549,2,2,2,주의,
CU,2021-10-04,3.110096897233353,96.88990310276665,3,3,3,경계,
CU,2021-10-11,3.110096897233353,96.88990310276665,3,3,3,경계,
CU,2021-10-18,3.110096897233353,96.88990310276665,3,3,3,경계,
CU,2021-10-25,3.110096897233353,96.88990310276665,3,3,3,경계,
CU,2021-11-01,3.6955724618758845,96.30442753812412,2,2,3,경계,
CU,2021-11-08,3.6955724618758845,96.30442753812412,2,2,2,주의,
CU,2021-11-15,3.6955724618758845,96.30442753812412,2,2,2,주의,
CU,2021-11-22,3.6955724618758845,96.30442753812412,2,2,2,주의,
CU,2021-11-29,3.6955724618758845,96.30442753812412,2,2,2,주의,
CU,2021-12-06,4.42053853838115,95.57946146161885,2,3,3,경계,지정학0.85
CU,2021-12-13,4.42053853838115,95.57946146161885,2,3,3,경계,지정학0.85
CU,2021-12-20,4.42053853838115,95.57946146161885,2,3,3,경계,지정학0.85
CU,2021-12-27,4.42053853838115,95.57946146161885,2,3,3,경계,지정학0.85
CU,2022-01-03,3.532814318189004,96.467185681811,2,3,3,경계,지정학0.85
CU,2022-01-10,3.532814318189004,96.467185681811,2,3,3,경계,지정학0.85
CU,2022-01-17,3.532814318189004,96.467185681811,2,3,3,경계,지정학0.85
CU,2022-01-24,3.532814318189004,96.467185681811,2,3,3,경계,지정학0.85
CU,2022-01-31,3.532814318189004,96.467185681811,2,3,3,경계,지정학0.85
CU,2022-02-07,2.772336236110586,97.22766376388941,3,3,3,경계,
CU,2022-02-14,2.772336236110586,97.22766376388941,3,3,3,경계,
CU,2022-02-21,2.772336236110586,97.22766376388941,3,3,3,경계,
CU,2022-02-28,2.772336236110586,97.22766376388941,3,3,3,경계,
CU,2022-03-07,2.1166136425950377,97.88338635740496,3,3,3,경계,
CU,2022-03-14,2.1166136425950377,97.88338635740496,3,3,3,경계,
CU,2022-03-21,2.1166136425950377,97.88338635740496,3,3,3,경계,
CU,2022-03-28,2.1166136425950377,97.88338635740496,3,3,3,경계,
CU,2022-04-04,2.823039922504172,97.17696007749583,3,3,3,경계,
CU,2022-04-11,2.823039922504172,97.17696007749583,3,3,3,경계,
CU,2022-04-18,2.823039922504172,97.17696007749583,3,3,3,경계,
CU,2022-04-25,2.823039922504172,97.17696007749583,3,3,3,경계,
CU,2022-05-02,6.497955594326205,93.5020444056738,2,2,3,경계,
CU,2022-05-09,6.497955594326205,93.5020444056738,2,2,2,주의,
CU,2022-05-16,6.497955594326205,93.5020444056738,2,2,2,주의,
CU,2022-05-23,6.497955594326205,93.5020444056738,2,2,2,주의,
CU,2022-05-30,6.497955594326205,93.5020444056738,2,2,2,주의,
CU,2022-06-06,10.133857495999152,89.86614250400085,1,1,2,주의,
CU,2022-06-13,10.133857495999152,89.86614250400085,1,1,1,관심,
CU,2022-06-20,10.133857495999152,89.86614250400085,1,1,1,관심,
CU,2022-06-27,10.133857495999152,89.86614250400085,1,1,1,관심,
CU,2022-07-04,42.92247428771096,57.07752571228904,0,1,1,관심,변동성급증
CU,2022-07-11,42.92247428771096,57.07752571228904,0,1,1,관심,변동성급증
CU,2022-07-18,42.92247428771096,57.07752571228904,0,1,1,관심,변동성급증
CU,2022-07-25,42.92247428771096,57.07752571228904,0,1,1,관심,변동성급증
CU,2022-08-01,31.098604630362278,68.90139536963773,0,1,1,관심,변동성급증
CU,2022-08-08,31.098604630362278,68.90139536963773,0,1,1,관심,변동성급증
CU,2022-08-15,31.098604630362278,68.90139536963773,0,1,1,관심,변동성급증
CU,2022-08-22,31.098604630362278,68.90139536963773,0,1,1,관심,변동성급증
CU,2022-08-29,31.098604630362278,68.90139536963773,0,1,1,관심,변동성급증
CU,2022-09-05,37.57868786701815,62.42131213298185,0,1,1,관심,변동성급증
CU,2022-09-12,37.57868786701815,62.42131213298185,0,1,1,관심,변동성급증
CU,2022-09-19,37.57868786701815,62.42131213298185,0,1,1,관심,변동성급증
CU,2022-09-26,37.57868786701815,62.42131213298185,0,1,1,관심,변동성급증
CU,2022-10-03,40.68887550609582,59.31112449390418,0,0,1,관심,
CU,2022-10-10,40.68887550609582,59.31112449390418,0,0,0,정상,
CU,2022-10-17,40.68887550609582,59.31112449390418,0,0,0,정상,
CU,2022-10-24,40.68887550609582,59.31112449390418,0,0,0,정상,
CU,2022-10-31,40.68887550609582,59.31112449390418,0,0,0,정상,
CU,2022-11-07,29.017633748828597,70.9823662511714,0,0,0,정상,
CU,2022-11-14,29.017633748828597,70.9823662511714,0,0,0,정상,
CU,2022-11-21,29.017633748828597,70.9823662511714,0,0,0,정상,
CU,2022-11-28,29.017633748828597,70.9823662511714,0,0,0,정상,
CU,2022-12-05,20.800028522704444,79.19997147729555,0,0,0,정상,
CU,2022-12-12,20.800028522704444,79.19997147729555,0,0,0,정상,
CU,2022-12-19,20.800028522704444,79.19997147729555,0,0,0,정상,
CU,2022-12-26,20.800028522704444,79.19997147729555,0,0,0,정상,
CU,2023-01-02,11.053687741052252,88.94631225894774,1,1,1,관심,
CU,2023-01-09,11.053687741052252,88.94631225894774,1,1,1,관심,
CU,2023-01-16,11.053687741052252,88.94631225894774,1,1,1,관심,
CU,2023-01-23,11.053687741052252,88.94631225894774,1,1,1,관심,
CU,2023-01-30,11.053687741052252,88.94631225894774,1,1,1,관심,
CU,2023-02-06,12.121508088577999,87.878491911422,1,1,1,관심,
CU,2023-02-13,12.121508088577999,87.878491911422,1,1,1,관심,
CU,2023-02-20,12.121508088577999,87.878491911422,1,1,1,관심,
CU,2023-02-27,12.121508088577999,87.878491911422,1,1,1,관심,
CU,2023-03-06,13.503864471245354,86.49613552875465,1,1,1,관심,
CU,2023-03-13,13.503864471245354,86.49613552875465,1,1,1,관심,
CU,2023-03-20,13.503864471245354,86.49613552875465,1,1,1,관심,
CU,2023-03-27,13.503864471245354,86.49613552875465,1,1,1,관심,
CU,2023-04-03,13.713276399391535,86.28672360060847,1,1,1,관심,
CU,2023-04-10,13.713276399391535,86.28672360060847,1,1,1,관심,
CU,2023-04-17,13.713276399391535,86.28672360060847,1,1,1,관심,
CU,2023-04-24,13.713276399391535,86.28672360060847,1,1,1,관심,
CU,2023-05-01,25.806854798869082,74.19314520113092,0,0,1,관심,
CU,2023-05-08,25.806854798869082,74.19314520113092,0,0,0,정상,
CU,2023-05-15,25.806854798869082,74.19314520113092,0,0,0,정상,
CU,2023-05-22,25.806854798869082,74.19314520113092,0,0,0,정상,
CU,2023-05-29,25.806854798869082,74.19314520113092,0,0,0,정상,
CU,2023-06-05,22.18495948574815,77.81504051425185,0,0,0,정상,
CU,2023-06-12,22.18495948574815,77.81504051425185,0,0,0,정상,
CU,2023-06-19,22.18495948574815,77.81504051425185,0,0,0,정상,
CU,2023-06-26,22.18495948574815,77.81504051425185,0,0,0,정상,
CU,2023-07-03,20.275455385179903,79.7245446148201,0,0,0,정상,
CU,2023-07-10,20.275455385179903,79.7245446148201,0,0,0,정상,
CU,2023-07-17,20.275455385179903,79.7245446148201,0,0,0,정상,
CU,2023-07-24,20.275455385179903,79.7245446148201,0,0,0,정상,
CU,2023-07-31,20.275455385179903,79.7245446148201,0,0,0,정상,
CU,2023-08-07,22.531147738336053,77.46885226166395,0,0,0,정상,
CU,2023-08-14,22.531147738336053,77.46885226166395,0,0,0,정상,
CU,2023-08-21,22.531147738336053,77.46885226166395,0,0,0,정상,
CU,2023-08-28,22.531147738336053,77.46885226166395,0,0,0,정상,
CU,2023-09-04,24.26716301215748,75.73283698784252,0,0,0,정상,
CU,2023-09-11,24.26716301215748,75.73283698784252,0,0,0,정상,
CU,2023-09-18,24.26716301215748,75.73283698784252,0,0,0,정상,
CU,2023-09-25,24.26716301215748,75.73283698784252,0,0,0,정상,
CU,2023-10-02,33.207476438147225,66.79252356185278,0,0,0,정상,
CU,2023-10-09,33.207476438147225,66.79252356185278,0,0,0,정상,
CU,2023-10-16,33.207476438147225,66.79252356185278,0,0,0,정상,
CU,2023-10-23,33.207476438147225,66.79252356185278,0,0,0,정상,
CU,2023-10-30,33.207476438147225,66.79252356185278,0,0,0,정상,
CU,2023-11-06,26.67872996652113,73.32127003347887,0,0,0,정상,
CU,2023-11-13,26.67872996652113,73.32127003347887,0,0,0,정상,
CU,2023-11-20,26.67872996652113,73.32127003347887,0,0,0,정상,
CU,2023-11-27,26.67872996652113,73.32127003347887,0,0,0,정상,
CU,2023-12-04,21.32739802142463,78.67260197857537,0,0,0,정상,
CU,2023-12-11,21.32739802142463,78.67260197857537,0,0,0,정상,
CU,2023-12-18,21.32739802142463,78.67260197857537,0,0,0,정상,
CU,2023-12-25,21.32739802142463,78.67260197857537,0,0,0,정상,
CU,2024-01-01,22.928536103438383,77.07146389656162,0,0,0,정상,
CU,2024-01-08,22.928536103438383,77.07146389656162,0,0,0,정상,
CU,2024-01-15,22.928536103438383,77.07146389656162,0,0,0,정상,
CU,2024-01-22,22.928536103438383,77.07146389656162,0,0,0,정상,
CU,2024-01-29,22.928536103438383,77.07146389656162,0,0,0,정상,
CU,2024-02-05,24.185406160738587,75.81459383926142,0,0,0,정상,
CU,2024-02-12,24.185406160738587,75.81459383926142,0,0,0,정상,
CU,2024-02-19,24.185406160738587,75.81459383926142,0,0,0,정상,
CU,2024-02-26,24.185406160738587,75.81459383926142,0,0,0,정상,
CU,2024-03-04,17.189594566999073,82.81040543300092,0,0,0,정상,
CU,2024-03-11,17.189594566999073,82.81040543300092,0,0,0,정상,
CU,2024-03-18,17.189594566999073,82.81040543300092,0,0,0,정상,
CU,2024-03-25,17.189594566999073,82.81040543300092,0,0,0,정상,
CU,2024-04-01,7.315957773451333,92.68404222654867,2,2,2,주의,
CU,2024-04-08,7.315957773451333,92.68404222654867,2,2,2,주의,
CU,2024-04-15,7.315957773451333,92.68404222654867,2,2,2,주의,
CU,2024-04-22,7.315957773451333,92.68404222654867,2,2,2,주의,
CU,2024-04-29,7.315957773451333,92.68404222654867,2,2,2,주의,
CU,2024-05-06,3.517580047397222,96.48241995260278,3,3,3,경계,
CU,2024-05-13,3.517580047397222,96.48241995260278,3,3,3,경계,
CU,2024-05-20,3.517580047397222,96.48241995260278,3,3,3,경계,
CU,2024-05-27,3.517580047397222,96.48241995260278,3,3,3,경계,
CU,2024-06-03,7.157343515094598,92.8426564849054,2,2,3,경계,
CU,2024-06-10,7.157343515094598,92.8426564849054,2,2,2,주의,
CU,2024-06-17,7.157343515094598,92.8426564849054,2,2,2,주의,
CU,2024-06-24,7.157343515094598,92.8426564849054,2,2,2,주의,
CU,2024-07-01,10.014958091644534,89.98504190835547,1,1,2,주의,
CU,2024-07-08,10.014958091644534,89.98504190835547,1,1,1,관심,
CU,2024-07-15,10.014958091644534,89.98504190835547,1,1,1,관심,
CU,2024-07-22,10.014958091644534,89.98504190835547,1,1,1,관심,
CU,2024-07-29,10.014958091644534,89.98504190835547,1,1,1,관심,
CU,2024-08-05,16.587024890201274,83.41297510979872,0,0,1,관심,
CU,2024-08-12,16.587024890201274,83.41297510979872,0,0,0,정상,
CU,2024-08-19,16.587024890201274,83.41297510979872,0,0,0,정상,
CU,2024-08-26,16.587024890201274,83.41297510979872,0,0,0,정상,
CU,2024-09-02,12.667049997840323,87.33295000215968,1,1,1,관심,
CU,2024-09-09,12.667049997840323,87.33295000215968,1,1,1,관심,
CU,2024-09-16,12.667049997840323,87.33295000215968,1,1,1,관심,
CU,2024-09-23,12.667049997840323,87.33295000215968,1,1,1,관심,
CU,2024-09-30,12.667049997840323,87.33295000215968,1,1,1,관심,
CU,2024-10-07,10.05464179251989,89.94535820748011,1,1,1,관심,
CU,2024-10-14,10.05464179251989,89.94535820748011,1,1,1,관심,
CU,2024-10-21,10.05464179251989,89.94535820748011,1,1,1,관심,
CU,2024-10-28,10.05464179251989,89.94535820748011,1,1,1,관심,
CU,2024-11-04,17.626862969382824,82.37313703061717,0,0,1,관심,
CU,2024-11-11,17.626862969382824,82.37313703061717,0,0,0,정상,
CU,2024-11-18,17.626862969382824,82.37313703061717,0,0,0,정상,
CU,2024-11-25,17.626862969382824,82.37313703061717,0,0,0,정상,
CU,2024-12-02,21.65875987393577,78.34124012606424,0,0,0,정상,
CU,2024-12-09,21.65875987393577,78.34124012606424,0,0,0,정상,
CU,2024-12-16,21.65875987393577,78.34124012606424,0,0,0,정상,
CU,2024-12-23,21.65875987393577,78.34124012606424,0,0,0,정상,
CU,2024-12-30,21.65875987393577,78.34124012606424,0,0,0,정상,
CU,2025-01-06,27.33025573056409,72.66974426943591,0,0,0,정상,
CU,2025-01-13,27.33025573056409,72.66974426943591,0,0,0,정상,
CU,2025-01-20,27.33025573056409,72.66974426943591,0,0,0,정상,
CU,2025-01-27,27.33025573056409,72.66974426943591,0,0,0,정상,
CU,2025-02-03,21.151857398418123,78.84814260158188,0,0,0,정상,
CU,2025-02-10,21.151857398418123,78.84814260158188,0,0,0,정상,
CU,2025-02-17,21.151857398418123,78.84814260158188,0,0,0,정상,
CU,2025-02-24,21.151857398418123,78.84814260158188,0,0,0,정상,
CU,2025-03-03,14.635904721562659,85.36409527843735,1,1,1,관심,
CU,2025-03-10,14.635904721562659,85.36409527843735,1,1,1,관심,
CU,2025-03-17,14.635904721562659,85.36409527843735,1,1,1,관심,
CU,2025-03-24,14.635904721562659,85.36409527843735,1,1,1,관심,
CU,2025-03-31,14.635904721562659,85.36409527843735,1,1,1,관심,
CU,2025-04-07,24.80518043713728,75.19481956286272,0,0,1,관심,
CU,2025-04-14,24.80518043713728,75.19481956286272,0,0,0,정상,
CU,2025-04-21,24.80518043713728,75.19481956286272,0,1,1,관심,변동성급증
CU,2025-04-28,24.80518043713728,75.19481956286272,0,0,1,관심,
CU,2025-05-05,19.051589154385166,80.94841084561483,0,0,0,정상,
CU,2025-05-12,19.051589154385166,80.94841084561483,0,0,0,정상,
CU,2025-05-19,19.051589154385166,80.94841084561483,0,0,0,정상,
CU,2025-05-26,19.051589154385166,80.94841084561483,0,0,0,정상,
CU,2025-06-02,14.844506877163894,85.1554931228361,1,1,1,관심,
CU,2025-06-09,14.844506877163894,85.1554931228361,1,1,1,관심,
CU,2025-06-16,14.844506877163894,85.1554931228361,1,1,1,관심,
CU,2025-06-23,14.844506877163894,85.1554931228361,1,1,1,관심,
CU,2025-06-30,14.844506877163894,85.1554931228361,1,1,1,관심,
CU,2025-07-07,16.67731460555228,83.32268539444772,0,0,1,관심,
CU,2025-07-14,16.67731460555228,83.32268539444772,0,0,0,정상,
CU,2025-07-21,16.67731460555228,83.32268539444772,0,0,0,정상,
CU,2025-07-28,16.67731460555228,83.32268539444772,0,0,0,정상,
CU,2025-08-04,19.881338908229534,80.11866109177046,0,0,0,정상,
CU,2025-08-11,19.881338908229534,80.11866109177046,0,0,0,정상,
CU,2025-08-18,19.881338908229534,80.11866109177046,0,0,0,정상,
CU,2025-08-25,19.881338908229534,80.11866109177046,0,0,0,정상,
CU,2025-09-01,15.818634847762473,84.18136515223753,1,1,1,관심,
CU,2025-09-08,15.818634847762473,84.18136515223753,1,1,1,관심,
CU,2025-09-15,15.818634847762473,84.18136515223753,1,1,1,관심,
CU,2025-09-22,15.818634847762473,84.18136515223753,1,1,1,관심,
CU,2025-09-29,15.818634847762473,84.18136515223753,1,1,1,관심,
CU,2025-10-06,7.8920695458391625,92.10793045416084,1,1,1,관심,
CU,2025-10-13,7.8920695458391625,92.10793045416084,1,1,1,관심,
CU,2025-10-20,7.8920695458391625,92.10793045416084,1,1,1,관심,
CU,2025-10-27,7.8920695458391625,92.10793045416084,1,1,1,관심,
CU,2025-11-03,7.769396222691585,92.23060377730842,1,1,1,관심,
CU,2025-11-10,7.769396222691585,92.23060377730842,1,1,1,관심,
CU,2025-11-17,7.769396222691585,92.23060377730842,1,1,1,관심,
CU,2025-11-24,7.769396222691585,92.23060377730842,1,1,1,관심,
CU,2025-12-01,2.8073662479175767,97.19263375208243,3,3,3,경계,
CU,2025-12-08,2.8073662479175767,97.19263375208243,3,3,3,경계,
CU,2025-12-15,2.8073662479175767,97.19263375208243,3,3,3,경계,
CU,2025-12-22,2.8073662479175767,97.19263375208243,3,3,3,경계,
CU,2025-12-29,2.8073662479175767,97.19263375208243,3,3,3,경계,
CU,2026-01-05,0.3571258691294164,99.64287413087058,4,4,4,심각,
CU,2026-01-12,0.3571258691294164,99.64287413087058,4,4,4,심각,
CU,2026-01-19,0.3571258691294164,99.64287413087058,4,4,4,심각,
CU,2026-01-26,0.3571258691294164,99.64287413087058,4,4,4,심각,
CU,2026-02-02,1.1486403568953976,98.8513596431046,4,4,4,심각,
CU,2026-02-09,1.1486403568953976,98.8513596431046,4,4,4,심각,
CU,2026-02-16,1.1486403568953976,98.8513596431046,4,4,4,심각,
CU,2026-02-23,1.1486403568953976,98.8513596431046,4,4,4,심각,
CU,2026-03-02,2.1345128423796433,97.86548715762035,3,3,4,심각,
CU,2026-03-09,2.1345128423796433,97.86548715762035,3,3,3,경계,
CU,2026-03-16,2.1345128423796433,97.86548715762035,3,3,3,경계,
CU,2026-03-23,2.1345128423796433,97.86548715762035,3,3,3,경계,
CU,2026-03-30,2.1345128423796433,97.86548715762035,3,3,3,경계,
CU,2026-04-06,1.4882555575404328,98.51174444245957,4,4,4,심각,
CU,2026-04-13,1.4882555575404328,98.51174444245957,4,4,4,심각,
CU,2026-04-20,1.4882555575404328,98.51174444245957,4,4,4,심각,
CU,2026-04-27,1.4882555575404328,98.51174444245957,4,4,4,심각,
CU,2026-05-04,1.042701415770693,98.9572985842293,4,4,4,심각,
CU,2026-05-11,1.042701415770693,98.9572985842293,4,4,4,심각,
CU,2026-05-18,1.042701415770693,98.9572985842293,4,4,4,심각,
CU,2026-05-25,1.042701415770693,98.9572985842293,4,4,4,심각,
CU,2026-06-01,1.042701415770693,98.9572985842293,4,4,4,심각,
CU,2026-06-08,1.042701415770693,98.9572985842293,4,4,4,심각,
CU,2026-06-15,1.042701415770693,98.9572985842293,4,4,4,심각,
LI,2020-01-06,72.95156107813244,27.048438921867557,0,0,0,정상,
LI,2020-01-13,72.95156107813244,27.048438921867557,0,0,0,정상,
LI,2020-01-20,72.95156107813244,27.048438921867557,0,0,0,정상,
LI,2020-02-03,73.12159590075073,26.878404099249266,0,0,0,정상,
LI,2020-02-10,73.12159590075073,26.878404099249266,0,0,0,정상,
LI,2020-02-17,73.12159590075073,26.878404099249266,0,0,0,정상,
LI,2020-02-24,73.12159590075073,26.878404099249266,0,0,0,정상,
LI,2020-03-02,73.175285555753,26.824714444246993,0,0,0,정상,
LI,2020-03-09,73.175285555753,26.824714444246993,0,0,0,정상,
LI,2020-03-16,73.175285555753,26.824714444246993,0,0,0,정상,
LI,2020-03-23,73.175285555753,26.824714444246993,0,0,0,정상,
LI,2020-03-30,73.175285555753,26.824714444246993,0,0,0,정상,
LI,2020-04-06,73.44391278608742,26.556087213912576,0,0,0,정상,
LI,2020-04-13,73.44391278608742,26.556087213912576,0,0,0,정상,
LI,2020-04-20,73.44391278608742,26.556087213912576,0,0,0,정상,
LI,2020-04-27,73.44391278608742,26.556087213912576,0,0,0,정상,
LI,2020-05-04,73.73742676337889,26.262573236621108,0,0,0,정상,
LI,2020-05-11,73.73742676337889,26.262573236621108,0,0,0,정상,
LI,2020-05-18,73.73742676337889,26.262573236621108,0,0,0,정상,
LI,2020-05-25,73.73742676337889,26.262573236621108,0,0,0,정상,
LI,2020-06-01,74.02038367735025,25.979616322649747,0,0,0,정상,
LI,2020-06-08,74.02038367735025,25.979616322649747,0,0,0,정상,
LI,2020-06-15,74.02038367735025,25.979616322649747,0,0,0,정상,
LI,2020-06-22,74.02038367735025,25.979616322649747,0,0,0,정상,
LI,2020-06-29,74.02038367735025,25.979616322649747,0,0,0,정상,
LI,2020-07-06,73.55634841117785,26.44365158882215,0,0,0,정상,
LI,2020-07-13,73.55634841117785,26.44365158882215,0,0,0,정상,
LI,2020-07-20,73.55634841117785,26.44365158882215,0,0,0,정상,
LI,2020-07-27,73.55634841117785,26.44365158882215,0,0,0,정상,
LI,2020-08-03,73.26962310827311,26.73037689172689,0,0,0,정상,
LI,2020-08-10,73.26962310827311,26.73037689172689,0,0,0,정상,
LI,2020-08-17,73.26962310827311,26.73037689172689,0,0,0,정상,
LI,2020-08-24,73.26962310827311,26.73037689172689,0,0,0,정상,
LI,2020-08-31,73.26962310827311,26.73037689172689,0,0,0,정상,
LI,2020-09-07,73.52775661410683,26.472243385893165,0,0,0,정상,
LI,2020-09-14,73.52775661410683,26.472243385893165,0,0,0,정상,
LI,2020-09-21,73.52775661410683,26.472243385893165,0,0,0,정상,
LI,2020-09-28,73.52775661410683,26.472243385893165,0,0,0,정상,
LI,2020-10-12,73.32040695754208,26.679593042457924,0,0,0,정상,
LI,2020-10-19,73.32040695754208,26.679593042457924,0,0,0,정상,
LI,2020-10-26,73.32040695754208,26.679593042457924,0,0,0,정상,
LI,2020-11-02,72.27470738367964,27.72529261632036,0,0,0,정상,
LI,2020-11-09,72.27470738367964,27.72529261632036,0,0,0,정상,
LI,2020-11-16,72.27470738367964,27.72529261632036,0,0,0,정상,
LI,2020-11-23,72.27470738367964,27.72529261632036,0,0,0,정상,
LI,2020-11-30,72.27470738367964,27.72529261632036,0,0,0,정상,
LI,2020-12-07,70.38107332566095,29.61892667433905,0,0,0,정상,
LI,2020-12-14,70.38107332566095,29.61892667433905,0,0,0,정상,
LI,2020-12-21,70.38107332566095,29.61892667433905,0,0,0,정상,
LI,2020-12-28,70.38107332566095,29.61892667433905,0,0,0,정상,
LI,2021-01-04,67.62001809090519,32.37998190909481,0,0,0,정상,
LI,2021-01-11,67.62001809090519,32.37998190909481,0,0,0,정상,
LI,2021-01-18,67.62001809090519,32.37998190909481,0,0,0,정상,
LI,2021-01-25,67.62001809090519,32.37998190909481,0,0,0,정상,
LI,2021-02-01,64.35611969673504,35.643880303264964,0,0,0,정상,
LI,2021-02-22,64.35611969673504,35.643880303264964,0,0,0,정상,
LI,2021-03-01,62.12798603222052,37.87201396777948,0,0,0,정상,
LI,2021-03-08,62.12798603222052,37.87201396777948,0,0,0,정상,
LI,2021-03-15,62.12798603222052,37.87201396777948,0,0,0,정상,
LI,2021-03-22,62.12798603222052,37.87201396777948,0,0,0,정상,
LI,2021-03-29,62.12798603222052,37.87201396777948,0,0,0,정상,
LI,2021-04-05,61.30503898139292,38.69496101860708,0,0,0,정상,
LI,2021-04-12,61.30503898139292,38.69496101860708,0,0,0,정상,
LI,2021-04-19,61.30503898139292,38.69496101860708,0,0,0,정상,
LI,2021-04-26,61.30503898139292,38.69496101860708,0,0,0,정상,
LI,2021-05-03,61.290624792065415,38.709375207934585,0,0,0,정상,
LI,2021-05-10,61.290624792065415,38.709375207934585,0,0,0,정상,
LI,2021-05-17,61.290624792065415,38.709375207934585,0,0,0,정상,
LI,2021-05-24,61.290624792065415,38.709375207934585,0,0,0,정상,
LI,2021-05-31,61.290624792065415,38.709375207934585,0,0,0,정상,
LI,2021-06-07,61.58331969057404,38.41668030942596,0,0,0,정상,
LI,2021-06-14,61.58331969057404,38.41668030942596,0,0,0,정상,
LI,2021-06-21,61.58331969057404,38.41668030942596,0,0,0,정상,
LI,2021-06-28,61.58331969057404,38.41668030942596,0,0,0,정상,
LI,2021-07-05,61.4733333768354,38.5266666231646,0,0,0,정상,
LI,2021-07-12,61.4733333768354,38.5266666231646,0,0,0,정상,
LI,2021-07-19,61.4733333768354,38.5266666231646,0,0,0,정상,
LI,2021-07-26,61.4733333768354,38.5266666231646,0,0,0,정상,
LI,2021-08-02,57.416456284927044,42.583543715072956,1,1,1,관심,
LI,2021-08-09,57.416456284927044,42.583543715072956,1,1,1,관심,
LI,2021-08-16,57.416456284927044,42.583543715072956,1,1,1,관심,
LI,2021-08-23,57.416456284927044,42.583543715072956,1,1,1,관심,
LI,2021-08-30,57.416456284927044,42.583543715072956,1,1,1,관심,
LI,2021-09-06,44.954038436238605,55.045961563761395,1,1,1,관심,변동성급증
LI,2021-09-13,44.954038436238605,55.045961563761395,1,1,1,관심,변동성급증
LI,2021-09-20,44.954038436238605,55.045961563761395,1,1,1,관심,변동성급증
LI,2021-09-27,44.954038436238605,55.045961563761395,1,1,1,관심,
LI,2021-10-11,36.42147203597906,63.57852796402094,2,2,2,주의,
LI,2021-10-18,36.42147203597906,63.57852796402094,2,2,2,주의,
LI,2021-10-25,36.42147203597906,63.57852796402094,2,2,2,주의,
LI,2021-11-01,35.36207572439852,64.63792427560148,2,2,2,주의,
LI,2021-11-08,35.36207572439852,64.63792427560148,2,2,2,주의,
LI,2021-11-15,35.36207572439852,64.63792427560148,2,2,2,주의,
LI,2021-11-22,35.36207572439852,64.63792427560148,2,2,2,주의,
LI,2021-11-29,35.36207572439852,64.63792427560148,2,2,2,주의,
LI,2021-12-06,25.77183030367102,74.22816969632898,2,2,2,주의,
LI,2021-12-13,25.77183030367102,74.22816969632898,2,2,2,주의,
LI,2021-12-20,25.77183030367102,74.22816969632898,2,2,2,주의,
LI,2021-12-27,25.77183030367102,74.22816969632898,2,2,2,주의,
LI,2022-01-24,8.75311105804189,91.2468889419581,2,2,2,주의,변동성급증
LI,2022-02-07,2.5770205526862267,97.42297944731378,3,3,3,경계,변동성급증
LI,2022-02-14,2.5770205526862267,97.42297944731378,3,3,3,경계,변동성급증
LI,2022-02-21,2.5770205526862267,97.42297944731378,3,3,3,경계,변동성급증
LI,2022-03-07,1.5514627063811122,98.44853729361888,4,4,4,심각,변동성급증+지정학0.85
LI,2022-03-14,1.5514627063811122,98.44853729361888,4,4,4,심각,변동성급증+지정학0.85
LI,2022-03-21,1.5514627063811122,98.44853729361888,4,4,4,심각,변동성급증+지정학0.85
LI,2022-03-28,1.5514627063811122,98.44853729361888,4,4,4,심각,변동성급증+지정학0.85
LI,2022-04-11,2.312008232133221,97.68799176786678,4,4,4,심각,변동성급증
LI,2022-04-18,2.312008232133221,97.68799176786678,4,4,4,심각,변동성급증
LI,2022-04-25,2.312008232133221,97.68799176786678,4,4,4,심각,변동성급증
LI,2022-05-02,2.563252980984857,97.43674701901514,3,3,4,심각,변동성급증
LI,2022-05-09,2.563252980984857,97.43674701901514,3,3,3,경계,
LI,2022-05-16,2.563252980984857,97.43674701901514,3,3,3,경계,
LI,2022-05-23,2.563252980984857,97.43674701901514,3,3,3,경계,
LI,2022-05-30,2.563252980984857,97.43674701901514,3,3,3,경계,
LI,2022-06-06,2.4503298388679533,97.54967016113204,3,3,3,경계,변동성급증
LI,2022-06-13,2.4503298388679533,97.54967016113204,3,3,3,경계,변동성급증
LI,2022-06-20,2.4503298388679533,97.54967016113204,3,3,3,경계,변동성급증
LI,2022-06-27,2.4503298388679533,97.54967016113204,3,3,3,경계,변동성급증
LI,2022-07-04,2.531702819167769,97.46829718083224,3,3,3,경계,변동성급증
LI,2022-07-11,2.531702819167769,97.46829718083224,3,3,3,경계,변동성급증
LI,2022-07-18,2.531702819167769,97.46829718083224,3,3,3,경계,
LI,2022-07-25,2.531702819167769,97.46829718083224,3,3,3,경계,
LI,2022-08-01,2.6390380953611725,97.36096190463883,3,3,3,경계,
LI,2022-08-08,2.6390380953611725,97.36096190463883,3,3,3,경계,
LI,2022-08-15,2.6390380953611725,97.36096190463883,3,3,3,경계,
LI,2022-08-22,2.6390380953611725,97.36096190463883,3,3,3,경계,
LI,2022-08-29,2.6390380953611725,97.36096190463883,3,3,3,경계,
LI,2022-09-05,2.7274425804814664,97.27255741951853,3,3,3,경계,
LI,2022-09-12,2.7274425804814664,97.27255741951853,3,3,3,경계,
LI,2022-09-19,2.7274425804814664,97.27255741951853,3,3,3,경계,
LI,2022-09-26,2.7274425804814664,97.27255741951853,3,3,3,경계,
LI,2022-10-24,2.3664634216874108,97.63353657831259,3,3,3,경계,
LI,2022-10-31,2.3664634216874108,97.63353657831259,3,3,3,경계,
LI,2022-11-14,1.8488112505678742,98.15118874943212,4,4,4,심각,
LI,2022-11-21,1.8488112505678742,98.15118874943212,4,4,4,심각,
LI,2022-11-28,1.8488112505678742,98.15118874943212,4,4,4,심각,
LI,2022-12-05,1.6508150512821236,98.34918494871788,4,4,4,심각,
LI,2022-12-12,1.6508150512821236,98.34918494871788,4,4,4,심각,
LI,2022-12-19,1.6508150512821236,98.34918494871788,4,4,4,심각,
LI,2022-12-26,1.6508150512821236,98.34918494871788,4,4,4,심각,
LI,2023-01-02,2.0738900581313797,97.92610994186862,4,4,4,심각,수입편중極
LI,2023-01-09,2.0738900581313797,97.92610994186862,4,4,4,심각,수입편중極
LI,2023-01-16,2.0738900581313797,97.92610994186862,4,4,4,심각,수입편중極
LI,2023-01-30,2.0738900581313797,97.92610994186862,4,4,4,심각,수입편중極
LI,2023-02-06,3.9464938412621713,96.05350615873783,3,3,4,심각,수입편중極
LI,2023-02-13,3.9464938412621713,96.05350615873783,3,3,3,경계,수입편중極
LI,2023-02-20,3.9464938412621713,96.05350615873783,3,3,3,경계,수입편중極
LI,2023-02-27,3.9464938412621713,96.05350615873783,3,3,3,경계,수입편중極
LI,2023-03-06,16.44415166087286,83.55584833912714,2,3,3,경계,수입편중極
LI,2023-03-13,16.44415166087286,83.55584833912714,2,3,3,경계,수입편중極
LI,2023-03-20,16.44415166087286,83.55584833912714,2,3,3,경계,수입편중極
LI,2023-03-27,16.44415166087286,83.55584833912714,2,3,3,경계,수입편중極
LI,2023-04-03,37.65914175210119,62.34085824789881,2,3,3,경계,수입편중極
LI,2023-04-10,37.65914175210119,62.34085824789881,2,3,3,경계,수입편중極
LI,2023-04-17,37.65914175210119,62.34085824789881,2,3,3,경계,수입편중極
LI,2023-04-24,37.65914175210119,62.34085824789881,2,3,3,경계,수입편중極
LI,2023-05-01,24.920400567194637,75.07959943280537,2,3,3,경계,수입편중極
LI,2023-05-08,24.920400567194637,75.07959943280537,2,3,3,경계,수입편중極
LI,2023-05-15,24.920400567194637,75.07959943280537,2,3,3,경계,수입편중極
LI,2023-05-22,24.920400567194637,75.07959943280537,2,3,3,경계,수입편중極
LI,2023-05-29,24.920400567194637,75.07959943280537,2,3,3,경계,수입편중極
LI,2023-06-05,11.838666216792527,88.16133378320747,2,3,3,경계,수입편중極
LI,2023-06-12,11.838666216792527,88.16133378320747,2,3,3,경계,수입편중極
LI,2023-06-19,11.838666216792527,88.16133378320747,2,3,3,경계,수입편중極
LI,2023-06-26,11.838666216792527,88.16133378320747,2,3,3,경계,수입편중極
LI,2023-07-03,12.60934079248288,87.39065920751712,2,3,3,경계,수입편중極
LI,2023-07-10,12.60934079248288,87.39065920751712,2,3,3,경계,수입편중極
LI,2023-07-17,12.60934079248288,87.39065920751712,2,3,3,경계,수입편중極
LI,2023-07-24,12.60934079248288,87.39065920751712,2,3,3,경계,수입편중極
LI,2023-07-31,12.60934079248288,87.39065920751712,2,3,3,경계,수입편중極
LI,2023-08-07,24.26100726954991,75.7389927304501,2,3,3,경계,수입편중極
LI,2023-08-14,24.26100726954991,75.7389927304501,2,3,3,경계,수입편중極
LI,2023-08-21,24.26100726954991,75.7389927304501,2,3,3,경계,수입편중極
LI,2023-08-28,24.26100726954991,75.7389927304501,2,3,3,경계,수입편중極
LI,2023-09-04,37.15281680054639,62.84718319945361,2,3,3,경계,수입편중極
LI,2023-09-11,37.15281680054639,62.84718319945361,2,3,3,경계,수입편중極
LI,2023-09-18,37.15281680054639,62.84718319945361,2,3,3,경계,변동성급증+수입편중極
LI,2023-09-25,37.15281680054639,62.84718319945361,2,3,3,경계,변동성급증+수입편중極
LI,2023-10-09,41.67675066501153,58.32324933498847,1,3,3,경계,변동성급증+수입편중極
LI,2023-10-16,41.67675066501153,58.32324933498847,1,3,3,경계,변동성급증+수입편중極
LI,2023-10-23,41.67675066501153,58.32324933498847,1,3,3,경계,수입편중極
LI,2023-10-30,41.67675066501153,58.32324933498847,1,3,3,경계,변동성급증+수입편중極
LI,2023-11-06,47.37528071303312,52.62471928696688,1,3,3,경계,변동성급증+수입편중極
LI,2023-11-13,47.37528071303312,52.62471928696688,1,3,3,경계,변동성급증+수입편중極
LI,2023-11-20,47.37528071303312,52.62471928696688,1,3,3,경계,변동성급증+수입편중極
LI,2023-11-27,47.37528071303312,52.62471928696688,1,3,3,경계,수입편중極
LI,2023-12-04,58.915536381008515,41.084463618991485,1,3,3,경계,수입편중極
LI,2023-12-11,58.915536381008515,41.084463618991485,1,3,3,경계,수입편중極
LI,2023-12-18,58.915536381008515,41.084463618991485,1,3,3,경계,수입편중極
LI,2023-12-25,58.915536381008515,41.084463618991485,1,3,3,경계,수입편중極
LI,2024-01-01,60.052592353744814,39.947407646255186,1,1,3,경계,
LI,2024-01-08,60.052592353744814,39.947407646255186,1,1,1,관심,
LI,2024-01-15,60.052592353744814,39.947407646255186,1,1,1,관심,
LI,2024-01-22,60.052592353744814,39.947407646255186,1,1,1,관심,
LI,2024-01-29,60.052592353744814,39.947407646255186,1,1,1,관심,
LI,2024-02-05,59.779429073493894,40.220570926506106,1,1,1,관심,
LI,2024-02-19,59.779429073493894,40.220570926506106,1,1,1,관심,
LI,2024-02-26,59.779429073493894,40.220570926506106,1,1,1,관심,
LI,2024-03-04,55.99003620309831,44.00996379690169,1,1,1,관심,
LI,2024-03-11,55.99003620309831,44.00996379690169,1,1,1,관심,
LI,2024-03-18,55.99003620309831,44.00996379690169,1,1,1,관심,
LI,2024-03-25,55.99003620309831,44.00996379690169,1,1,1,관심,
LI,2024-04-01,55.37101105989664,44.62898894010336,1,1,1,관심,
LI,2024-04-08,55.37101105989664,44.62898894010336,1,1,1,관심,
LI,2024-04-15,55.37101105989664,44.62898894010336,1,1,1,관심,
LI,2024-04-29,55.37101105989664,44.62898894010336,1,1,1,관심,
LI,2024-05-06,56.34129071839604,43.65870928160396,1,1,1,관심,
LI,2024-05-13,56.34129071839604,43.65870928160396,1,1,1,관심,
LI,2024-05-20,56.34129071839604,43.65870928160396,1,1,1,관심,
LI,2024-05-27,56.34129071839604,43.65870928160396,1,1,1,관심,
LI,2024-06-03,59.50702504166681,40.49297495833319,1,1,1,관심,
LI,2024-06-10,59.50702504166681,40.49297495833319,1,1,1,관심,
LI,2024-06-24,59.50702504166681,40.49297495833319,1,1,1,관심,
LI,2024-07-01,61.711563293327714,38.288436706672286,0,0,1,관심,
LI,2024-07-08,61.711563293327714,38.288436706672286,0,0,0,정상,
LI,2024-07-15,61.711563293327714,38.288436706672286,0,0,0,정상,
LI,2024-07-22,61.711563293327714,38.288436706672286,0,0,0,정상,
LI,2024-07-29,61.711563293327714,38.288436706672286,0,0,0,정상,
LI,2024-08-05,64.44322860811297,35.556771391887025,0,0,0,정상,
LI,2024-08-12,64.44322860811297,35.556771391887025,0,0,0,정상,
LI,2024-08-19,64.44322860811297,35.556771391887025,0,0,0,정상,
LI,2024-08-26,64.44322860811297,35.556771391887025,0,0,0,정상,
LI,2024-09-02,64.84652814591459,35.15347185408541,0,0,0,정상,
LI,2024-09-09,64.84652814591459,35.15347185408541,0,0,0,정상,
LI,2024-09-16,64.84652814591459,35.15347185408541,0,0,0,정상,
LI,2024-09-23,64.84652814591459,35.15347185408541,0,0,0,정상,
LI,2024-10-07,65.16857199938254,34.831428000617464,0,0,0,정상,
LI,2024-10-14,65.16857199938254,34.831428000617464,0,0,0,정상,
LI,2024-10-21,65.16857199938254,34.831428000617464,0,0,0,정상,
LI,2024-10-28,65.16857199938254,34.831428000617464,0,0,0,정상,
LI,2024-11-04,64.72019374778507,35.279806252214925,0,0,0,정상,
LI,2024-11-11,64.72019374778507,35.279806252214925,0,0,0,정상,
LI,2024-11-18,64.72019374778507,35.279806252214925,0,0,0,정상,
LI,2024-11-25,64.72019374778507,35.279806252214925,0,0,0,정상,
LI,2024-12-02,65.53279612553627,34.467203874463735,0,0,0,정상,
LI,2024-12-09,65.53279612553627,34.467203874463735,0,0,0,정상,
LI,2024-12-16,65.53279612553627,34.467203874463735,0,0,0,정상,
LI,2024-12-23,65.53279612553627,34.467203874463735,0,0,0,정상,
LI,2024-12-30,65.53279612553627,34.467203874463735,0,0,0,정상,
LI,2025-01-06,66.13232672509707,33.86767327490293,0,0,0,정상,
LI,2025-01-13,66.13232672509707,33.86767327490293,0,0,0,정상,
LI,2025-01-20,66.13232672509707,33.86767327490293,0,0,0,정상,
LI,2025-02-03,66.88059344604864,33.119406553951364,0,0,0,정상,
LI,2025-02-10,66.88059344604864,33.119406553951364,0,0,0,정상,
LI,2025-02-17,66.88059344604864,33.119406553951364,0,0,0,정상,
LI,2025-02-24,66.88059344604864,33.119406553951364,0,0,0,정상,
LI,2025-03-03,66.41146735698722,33.58853264301278,0,0,0,정상,
LI,2025-03-10,66.41146735698722,33.58853264301278,0,0,0,정상,
LI,2025-03-17,66.41146735698722,33.58853264301278,0,0,0,정상,
LI,2025-03-24,66.41146735698722,33.58853264301278,0,0,0,정상,
LI,2025-03-31,66.41146735698722,33.58853264301278,0,0,0,정상,
LI,2025-04-07,67.0407108720085,32.9592891279915,0,0,0,정상,
LI,2025-04-14,67.0407108720085,32.9592891279915,0,0,0,정상,
LI,2025-04-21,67.0407108720085,32.9592891279915,0,0,0,정상,
LI,2025-04-28,67.0407108720085,32.9592891279915,0,0,0,정상,
LI,2025-05-05,68.55825449725383,31.441745502746173,0,0,0,정상,
LI,2025-05-12,68.55825449725383,31.441745502746173,0,0,0,정상,
LI,2025-05-19,68.55825449725383,31.441745502746173,0,0,0,정상,
LI,2025-05-26,68.55825449725383,31.441745502746173,0,0,0,정상,
LI,2025-06-02,68.98459369726292,31.015406302737077,0,0,0,정상,
LI,2025-06-09,68.98459369726292,31.015406302737077,0,0,0,정상,
LI,2025-06-16,68.98459369726292,31.015406302737077,0,0,0,정상,
LI,2025-06-23,68.98459369726292,31.015406302737077,0,0,0,정상,
LI,2025-07-07,67.7467067632812,32.253293236718804,0,0,0,정상,
LI,2025-07-14,67.7467067632812,32.253293236718804,0,0,0,정상,
LI,2025-07-21,67.7467067632812,32.253293236718804,0,0,0,정상,
LI,2025-07-28,67.7467067632812,32.253293236718804,0,0,0,정상,
LI,2025-08-04,65.34107082009075,34.65892917990925,0,0,0,정상,
LI,2025-08-11,65.34107082009075,34.65892917990925,0,0,0,정상,
LI,2025-08-18,65.34107082009075,34.65892917990925,0,0,0,정상,
LI,2025-08-25,65.34107082009075,34.65892917990925,0,0,0,정상,
LI,2025-09-01,66.55078355898196,33.44921644101804,0,0,0,정상,
LI,2025-09-08,66.55078355898196,33.44921644101804,0,0,0,정상,
LI,2025-09-15,66.55078355898196,33.44921644101804,0,0,0,정상,
LI,2025-09-22,66.55078355898196,33.44921644101804,0,0,0,정상,
LI,2025-09-29,66.55078355898196,33.44921644101804,0,0,0,정상,
LI,2025-10-06,66.22743492965616,33.772565070343845,0,0,0,정상,
LI,2025-10-13,66.22743492965616,33.772565070343845,0,0,0,정상,
LI,2025-10-20,66.22743492965616,33.772565070343845,0,0,0,정상,
LI,2025-10-27,66.22743492965616,33.772565070343845,0,0,0,정상,
LI,2025-11-03,63.88424876676067,36.11575123323933,0,0,0,정상,
LI,2025-11-10,63.88424876676067,36.11575123323933,0,0,0,정상,
LI,2025-11-17,63.88424876676067,36.11575123323933,0,0,0,정상,
LI,2025-11-24,63.88424876676067,36.11575123323933,0,0,0,정상,
LI,2025-12-01,60.78490517460303,39.21509482539697,0,0,0,정상,
LI,2025-12-08,60.78490517460303,39.21509482539697,0,0,0,정상,
LI,2025-12-15,60.78490517460303,39.21509482539697,0,0,0,정상,
LI,2025-12-22,60.78490517460303,39.21509482539697,0,0,0,정상,
LI,2025-12-29,60.78490517460303,39.21509482539697,0,0,0,정상,
LI,2026-01-05,50.540180836591574,49.459819163408426,1,2,2,주의,지정학0.85
LI,2026-01-12,50.540180836591574,49.459819163408426,1,2,2,주의,지정학0.85
LI,2026-01-19,50.540180836591574,49.459819163408426,1,2,2,주의,지정학0.85
LI,2026-01-26,50.540180836591574,49.459819163408426,1,2,2,주의,지정학0.85
LI,2026-02-02,50.51880179116879,49.48119820883121,1,2,2,주의,지정학0.85
LI,2026-02-09,50.51880179116879,49.48119820883121,1,2,2,주의,변동성급증+지정학0.85
LI,2026-02-23,50.51880179116879,49.48119820883121,1,2,2,주의,지정학0.85
LI,2026-03-02,47.73566987926596,52.26433012073404,1,1,2,주의,
LI,2026-03-09,47.73566987926596,52.26433012073404,1,1,1,관심,
LI,2026-03-16,47.73566987926596,52.26433012073404,1,1,1,관심,변동성급증
LI,2026-03-23,47.73566987926596,52.26433012073404,1,1,1,관심,변동성급증
LI,2026-03-30,47.73566987926596,52.26433012073404,1,1,1,관심,
LI,2026-04-06,46.565616240964005,53.434383759035995,1,2,2,주의,지정학0.85
LI,2026-04-13,46.565616240964005,53.434383759035995,1,2,2,주의,지정학0.85
LI,2026-04-20,46.565616240964005,53.434383759035995,1,2,2,주의,지정학0.85
LI,2026-04-27,46.565616240964005,53.434383759035995,1,2,2,주의,지정학0.85
LI,2026-05-04,41.131358628332364,58.868641371667636,2,2,2,주의,
LI,2026-05-11,41.131358628332364,58.868641371667636,2,2,2,주의,
LI,2026-05-18,41.131358628332364,58.868641371667636,2,2,2,주의,
LI,2026-05-25,41.131358628332364,58.868641371667636,2,2,2,주의,
LI,2026-06-01,41.131358628332364,58.868641371667636,2,2,2,주의,
LI,2026-06-08,41.131358628332364,58.868641371667636,2,2,2,주의,
NI,2020-01-06,58.55125234940589,41.44874765059411,0,0,0,정상,
NI,2020-01-13,58.55125234940589,41.44874765059411,0,0,0,정상,
NI,2020-01-20,58.55125234940589,41.44874765059411,0,0,0,정상,
NI,2020-01-27,58.55125234940589,41.44874765059411,0,0,0,정상,
NI,2020-02-03,65.09713892958379,34.90286107041621,0,0,0,정상,
NI,2020-02-10,65.09713892958379,34.90286107041621,0,0,0,정상,
NI,2020-02-17,65.09713892958379,34.90286107041621,0,0,0,정상,
NI,2020-02-24,65.09713892958379,34.90286107041621,0,0,0,정상,
NI,2020-03-02,71.73959302452646,28.260406975473543,0,0,0,정상,
NI,2020-03-09,71.73959302452646,28.260406975473543,0,0,0,정상,
NI,2020-03-16,71.73959302452646,28.260406975473543,0,0,0,정상,
NI,2020-03-23,71.73959302452646,28.260406975473543,0,0,0,정상,
NI,2020-03-30,71.73959302452646,28.260406975473543,0,0,0,정상,
NI,2020-04-06,72.51457977363282,27.485420226367182,0,0,0,정상,
NI,2020-04-13,72.51457977363282,27.485420226367182,0,0,0,정상,
NI,2020-04-20,72.51457977363282,27.485420226367182,0,0,0,정상,
NI,2020-04-27,72.51457977363282,27.485420226367182,0,0,0,정상,
NI,2020-05-04,69.656812989935,30.343187010064995,0,0,0,정상,
NI,2020-05-11,69.656812989935,30.343187010064995,0,0,0,정상,
NI,2020-05-18,69.656812989935,30.343187010064995,0,0,0,정상,
NI,2020-05-25,69.656812989935,30.343187010064995,0,0,0,정상,
NI,2020-06-01,65.28968698020812,34.71031301979188,0,0,0,정상,
NI,2020-06-08,65.28968698020812,34.71031301979188,0,0,0,정상,
NI,2020-06-15,65.28968698020812,34.71031301979188,0,0,0,정상,
NI,2020-06-22,65.28968698020812,34.71031301979188,0,0,0,정상,
NI,2020-06-29,65.28968698020812,34.71031301979188,0,0,0,정상,
NI,2020-07-06,59.76397511216399,40.23602488783601,0,0,0,정상,
NI,2020-07-13,59.76397511216399,40.23602488783601,0,0,0,정상,
NI,2020-07-20,59.76397511216399,40.23602488783601,0,0,0,정상,
NI,2020-07-27,59.76397511216399,40.23602488783601,0,0,0,정상,
NI,2020-08-03,50.12150023915653,49.87849976084347,0,0,0,정상,
NI,2020-08-10,50.12150023915653,49.87849976084347,0,0,0,정상,
NI,2020-08-17,50.12150023915653,49.87849976084347,0,0,0,정상,
NI,2020-08-24,50.12150023915653,49.87849976084347,0,0,0,정상,
NI,2020-08-31,50.12150023915653,49.87849976084347,0,0,0,정상,
NI,2020-09-07,47.15170720179054,52.84829279820946,0,0,0,정상,
NI,2020-09-14,47.15170720179054,52.84829279820946,0,0,0,정상,
NI,2020-09-21,47.15170720179054,52.84829279820946,0,0,0,정상,
NI,2020-09-28,47.15170720179054,52.84829279820946,0,0,0,정상,
NI,2020-10-05,44.23522815432249,55.76477184567751,0,0,0,정상,
NI,2020-10-12,44.23522815432249,55.76477184567751,0,0,0,정상,
NI,2020-10-19,44.23522815432249,55.76477184567751,0,0,0,정상,
NI,2020-10-26,44.23522815432249,55.76477184567751,0,0,0,정상,
NI,2020-11-02,39.029035422691216,60.970964577308784,1,2,2,주의,지정학0.85
NI,2020-11-09,39.029035422691216,60.970964577308784,1,2,2,주의,지정학0.85
NI,2020-11-16,39.029035422691216,60.970964577308784,1,2,2,주의,지정학0.85
NI,2020-11-23,39.029035422691216,60.970964577308784,1,2,2,주의,지정학0.85
NI,2020-11-30,39.029035422691216,60.970964577308784,1,2,2,주의,지정학0.85
NI,2020-12-07,30.83068542465782,69.16931457534218,1,1,2,주의,
NI,2020-12-14,30.83068542465782,69.16931457534218,1,1,1,관심,
NI,2020-12-21,30.83068542465782,69.16931457534218,1,1,1,관심,
NI,2020-12-28,30.83068542465782,69.16931457534218,1,1,1,관심,
NI,2021-01-04,37.50296787439038,62.49703212560962,1,3,3,경계,수입편중極
NI,2021-01-11,37.50296787439038,62.49703212560962,1,3,3,경계,수입편중極
NI,2021-01-18,37.50296787439038,62.49703212560962,1,3,3,경계,수입편중極
NI,2021-01-25,37.50296787439038,62.49703212560962,1,3,3,경계,수입편중極
NI,2021-02-01,32.115026149369086,67.88497385063091,1,3,3,경계,수입편중極
NI,2021-02-08,32.115026149369086,67.88497385063091,1,3,3,경계,수입편중極
NI,2021-02-15,32.115026149369086,67.88497385063091,1,3,3,경계,수입편중極
NI,2021-02-22,32.115026149369086,67.88497385063091,1,3,3,경계,수입편중極
NI,2021-03-01,47.702714119147466,52.297285880852534,0,4,4,심각,수입편중極+지정학0.85
NI,2021-03-08,47.702714119147466,52.297285880852534,0,4,4,심각,수입편중極+지정학0.85
NI,2021-03-15,47.702714119147466,52.297285880852534,0,4,4,심각,수입편중極+지정학0.85
NI,2021-03-22,47.702714119147466,52.297285880852534,0,4,4,심각,수입편중極+지정학0.85
NI,2021-03-29,47.702714119147466,52.297285880852534,0,4,4,심각,수입편중極+지정학0.85
NI,2021-04-05,47.000234658902684,52.999765341097316,0,4,4,심각,수입편중極+지정학0.85
NI,2021-04-12,47.000234658902684,52.999765341097316,0,4,4,심각,수입편중極+지정학0.85
NI,2021-04-19,47.000234658902684,52.999765341097316,0,4,4,심각,수입편중極+지정학0.85
NI,2021-04-26,47.000234658902684,52.999765341097316,0,4,4,심각,수입편중極+지정학0.85
NI,2021-05-03,38.34637654384953,61.65362345615047,1,3,4,심각,수입편중極
NI,2021-05-10,38.34637654384953,61.65362345615047,1,3,3,경계,수입편중極
NI,2021-05-17,38.34637654384953,61.65362345615047,1,3,3,경계,수입편중極
NI,2021-05-24,38.34637654384953,61.65362345615047,1,3,3,경계,수입편중極
NI,2021-05-31,38.34637654384953,61.65362345615047,1,3,3,경계,수입편중極
NI,2021-06-07,36.000536169931316,63.999463830068684,1,3,3,경계,수입편중極
NI,2021-06-14,36.000536169931316,63.999463830068684,1,3,3,경계,수입편중極
NI,2021-06-21,36.000536169931316,63.999463830068684,1,3,3,경계,수입편중極
NI,2021-06-28,36.000536169931316,63.999463830068684,1,3,3,경계,수입편중極
NI,2021-07-05,29.844609037824533,70.15539096217546,1,3,3,경계,수입편중極
NI,2021-07-12,29.844609037824533,70.15539096217546,1,3,3,경계,수입편중極
NI,2021-07-19,29.844609037824533,70.15539096217546,1,3,3,경계,수입편중極
NI,2021-07-26,29.844609037824533,70.15539096217546,1,3,3,경계,수입편중極
NI,2021-08-02,27.677066312766616,72.32293368723339,1,3,3,경계,수입편중極
NI,2021-08-09,27.677066312766616,72.32293368723339,1,3,3,경계,수입편중極
NI,2021-08-16,27.677066312766616,72.32293368723339,1,3,3,경계,수입편중極
NI,2021-08-23,27.677066312766616,72.32293368723339,1,3,3,경계,수입편중極
NI,2021-08-30,27.677066312766616,72.32293368723339,1,3,3,경계,수입편중極
NI,2021-09-06,26.15017229887959,73.8498277011204,2,3,3,경계,수입편중極
NI,2021-09-13,26.15017229887959,73.8498277011204,2,3,3,경계,수입편중極
NI,2021-09-20,26.15017229887959,73.8498277011204,2,3,3,경계,수입편중極
NI,2021-09-27,26.15017229887959,73.8498277011204,2,3,3,경계,수입편중極
NI,2021-10-04,25.81924576958896,74.18075423041104,2,3,3,경계,수입편중極
NI,2021-10-11,25.81924576958896,74.18075423041104,2,3,3,경계,수입편중極
NI,2021-10-18,25.81924576958896,74.18075423041104,2,3,3,경계,수입편중極
NI,2021-10-25,25.81924576958896,74.18075423041104,2,3,3,경계,수입편중極
NI,2021-11-01,23.08752260742505,76.91247739257494,2,3,3,경계,수입편중極
NI,2021-11-08,23.08752260742505,76.91247739257494,2,3,3,경계,수입편중極
NI,2021-11-15,23.08752260742505,76.91247739257494,2,3,3,경계,수입편중極
NI,2021-11-22,23.08752260742505,76.91247739257494,2,3,3,경계,수입편중極
NI,2021-11-29,23.08752260742505,76.91247739257494,2,3,3,경계,수입편중極
NI,2021-12-06,22.18156488162978,77.81843511837022,2,4,4,심각,수입편중極+지정학0.90
NI,2021-12-13,22.18156488162978,77.81843511837022,2,4,4,심각,수입편중極+지정학0.90
NI,2021-12-20,22.18156488162978,77.81843511837022,2,4,4,심각,수입편중極+지정학0.90
NI,2021-12-27,22.18156488162978,77.81843511837022,2,4,4,심각,수입편중極+지정학0.90
NI,2022-01-03,12.311867726599463,87.68813227340054,3,4,4,심각,지정학0.85
NI,2022-01-10,12.311867726599463,87.68813227340054,3,4,4,심각,지정학0.85
NI,2022-01-17,12.311867726599463,87.68813227340054,3,4,4,심각,지정학0.85
NI,2022-01-24,12.311867726599463,87.68813227340054,3,4,4,심각,지정학0.85
NI,2022-01-31,12.311867726599463,87.68813227340054,3,4,4,심각,지정학0.85
NI,2022-02-07,6.683349633677507,93.31665036632249,3,4,4,심각,지정학0.90
NI,2022-02-14,6.683349633677507,93.31665036632249,3,4,4,심각,지정학0.90
NI,2022-02-21,6.683349633677507,93.31665036632249,3,4,4,심각,지정학0.90
NI,2022-02-28,6.683349633677507,93.31665036632249,3,4,4,심각,지정학0.90
NI,2022-03-07,1.12930499936486,98.87069500063514,4,4,4,심각,변동성급증
NI,2022-03-14,1.12930499936486,98.87069500063514,4,4,4,심각,변동성급증
NI,2022-03-21,1.12930499936486,98.87069500063514,4,4,4,심각,변동성급증
NI,2022-03-28,1.12930499936486,98.87069500063514,4,4,4,심각,변동성급증
NI,2022-04-04,1.7453834717917656,98.25461652820823,4,4,4,심각,변동성급증+지정학0.90
NI,2022-04-11,1.7453834717917656,98.25461652820823,4,4,4,심각,변동성급증+지정학0.90
NI,2022-04-18,1.7453834717917656,98.25461652820823,4,4,4,심각,변동성급증+지정학0.90
NI,2022-04-25,1.7453834717917656,98.25461652820823,4,4,4,심각,변동성급증+지정학0.90
NI,2022-05-02,2.5062917119925934,97.49370828800741,3,4,4,심각,변동성급증+지정학0.90
NI,2022-05-09,2.5062917119925934,97.49370828800741,3,4,4,심각,변동성급증+지정학0.90
NI,2022-05-16,2.5062917119925934,97.49370828800741,3,4,4,심각,변동성급증+지정학0.90
NI,2022-05-23,2.5062917119925934,97.49370828800741,3,4,4,심각,변동성급증+지정학0.90
NI,2022-05-30,2.5062917119925934,97.49370828800741,3,4,4,심각,변동성급증+지정학0.90
NI,2022-06-06,4.6995199961240495,95.30048000387595,3,3,4,심각,변동성급증
NI,2022-06-13,4.6995199961240495,95.30048000387595,3,3,3,경계,변동성급증
NI,2022-06-20,4.6995199961240495,95.30048000387595,3,3,3,경계,변동성급증
NI,2022-06-27,4.6995199961240495,95.30048000387595,3,3,3,경계,
NI,2022-07-04,16.713670401837906,83.2863295981621,2,3,3,경계,지정학0.90
NI,2022-07-11,16.713670401837906,83.2863295981621,2,3,3,경계,지정학0.90
NI,2022-07-18,16.713670401837906,83.2863295981621,2,3,3,경계,지정학0.90
NI,2022-07-25,16.713670401837906,83.2863295981621,2,3,3,경계,변동성급증+지정학0.90
NI,2022-08-01,14.764669379274057,85.23533062072595,2,3,3,경계,변동성급증+지정학0.90
NI,2022-08-08,14.764669379274057,85.23533062072595,2,3,3,경계,지정학0.90
NI,2022-08-15,14.764669379274057,85.23533062072595,2,3,3,경계,지정학0.90
NI,2022-08-22,14.764669379274057,85.23533062072595,2,3,3,경계,지정학0.90
NI,2022-08-29,14.764669379274057,85.23533062072595,2,3,3,경계,지정학0.90
NI,2022-09-05,12.51043672639598,87.48956327360402,2,2,3,경계,
NI,2022-09-12,12.51043672639598,87.48956327360402,2,2,2,주의,
NI,2022-09-19,12.51043672639598,87.48956327360402,2,2,2,주의,
NI,2022-09-26,12.51043672639598,87.48956327360402,2,2,2,주의,변동성급증
NI,2022-10-03,15.192451122551484,84.80754887744851,2,2,2,주의,
NI,2022-10-10,15.192451122551484,84.80754887744851,2,2,2,주의,
NI,2022-10-17,15.192451122551484,84.80754887744851,2,2,2,주의,
NI,2022-10-24,15.192451122551484,84.80754887744851,2,2,2,주의,
NI,2022-10-31,15.192451122551484,84.80754887744851,2,2,2,주의,
NI,2022-11-07,5.603016422253508,94.3969835777465,3,3,3,경계,
NI,2022-11-14,5.603016422253508,94.3969835777465,3,3,3,경계,변동성급증
NI,2022-11-21,5.603016422253508,94.3969835777465,3,3,3,경계,변동성급증
NI,2022-11-28,5.603016422253508,94.3969835777465,3,3,3,경계,변동성급증
NI,2022-12-05,2.2293091279863138,97.77069087201369,4,4,4,심각,변동성급증+지정학0.90
NI,2022-12-12,2.2293091279863138,97.77069087201369,4,4,4,심각,변동성급증+지정학0.90
NI,2022-12-19,2.2293091279863138,97.77069087201369,4,4,4,심각,변동성급증+지정학0.90
NI,2022-12-26,2.2293091279863138,97.77069087201369,4,4,4,심각,변동성급증+지정학0.90
NI,2023-01-02,2.3334765727465627,97.66652342725344,4,4,4,심각,변동성급증+지정학0.90
NI,2023-01-09,2.3334765727465627,97.66652342725344,4,4,4,심각,변동성급증+지정학0.90
NI,2023-01-16,2.3334765727465627,97.66652342725344,4,4,4,심각,변동성급증+지정학0.90
NI,2023-01-23,2.3334765727465627,97.66652342725344,4,4,4,심각,변동성급증+지정학0.90
NI,2023-01-30,2.3334765727465627,97.66652342725344,4,4,4,심각,변동성급증+지정학0.90
NI,2023-02-06,3.915663093760299,96.0843369062397,3,3,4,심각,변동성급증
NI,2023-02-13,3.915663093760299,96.0843369062397,3,3,3,경계,변동성급증
NI,2023-02-20,3.915663093760299,96.0843369062397,3,3,3,경계,변동성급증
NI,2023-02-27,3.915663093760299,96.0843369062397,3,3,3,경계,
NI,2023-03-06,9.979840994410223,90.02015900558978,3,3,3,경계,
NI,2023-03-13,9.979840994410223,90.02015900558978,3,3,3,경계,
NI,2023-03-20,9.979840994410223,90.02015900558978,3,3,3,경계,
NI,2023-03-27,9.979840994410223,90.02015900558978,3,3,3,경계,
NI,2023-04-03,8.560582944120991,91.439417055879,3,3,3,경계,
NI,2023-04-10,8.560582944120991,91.439417055879,3,3,3,경계,
NI,2023-04-17,8.560582944120991,91.439417055879,3,3,3,경계,
NI,2023-04-24,8.560582944120991,91.439417055879,3,3,3,경계,
NI,2023-05-01,14.18282386577899,85.81717613422101,2,2,3,경계,
NI,2023-05-08,14.18282386577899,85.81717613422101,2,2,2,주의,
NI,2023-05-15,14.18282386577899,85.81717613422101,2,2,2,주의,
NI,2023-05-22,14.18282386577899,85.81717613422101,2,2,2,주의,
NI,2023-05-29,14.18282386577899,85.81717613422101,2,2,2,주의,
NI,2023-06-05,18.627580614854164,81.37241938514583,2,3,3,경계,지정학0.85
NI,2023-06-12,18.627580614854164,81.37241938514583,2,3,3,경계,지정학0.85
NI,2023-06-19,18.627580614854164,81.37241938514583,2,3,3,경계,지정학0.85
NI,2023-06-26,18.627580614854164,81.37241938514583,2,3,3,경계,지정학0.85
NI,2023-07-03,19.475933769121006,80.52406623087899,2,2,3,경계,
NI,2023-07-10,19.475933769121006,80.52406623087899,2,2,2,주의,
NI,2023-07-17,19.475933769121006,80.52406623087899,2,2,2,주의,
NI,2023-07-24,19.475933769121006,80.52406623087899,2,2,2,주의,
NI,2023-07-31,19.475933769121006,80.52406623087899,2,2,2,주의,
NI,2023-08-07,21.83673917979657,78.16326082020343,2,2,2,주의,
NI,2023-08-14,21.83673917979657,78.16326082020343,2,2,2,주의,
NI,2023-08-21,21.83673917979657,78.16326082020343,2,2,2,주의,
NI,2023-08-28,21.83673917979657,78.16326082020343,2,2,2,주의,
NI,2023-09-04,26.813641811962093,73.1863581880379,1,1,2,주의,
NI,2023-09-11,26.813641811962093,73.1863581880379,1,1,1,관심,
NI,2023-09-18,26.813641811962093,73.1863581880379,1,1,1,관심,
NI,2023-09-25,26.813641811962093,73.1863581880379,1,1,1,관심,
NI,2023-10-02,36.485004751051996,63.514995248948004,1,1,1,관심,
NI,2023-10-09,36.485004751051996,63.514995248948004,1,1,1,관심,
NI,2023-10-16,36.485004751051996,63.514995248948004,1,1,1,관심,
NI,2023-10-23,36.485004751051996,63.514995248948004,1,1,1,관심,
NI,2023-10-30,36.485004751051996,63.514995248948004,1,1,1,관심,
NI,2023-11-06,45.27056301697311,54.72943698302689,0,0,1,관심,
NI,2023-11-13,45.27056301697311,54.72943698302689,0,0,0,정상,
NI,2023-11-20,45.27056301697311,54.72943698302689,0,0,0,정상,
NI,2023-11-27,45.27056301697311,54.72943698302689,0,0,0,정상,
NI,2023-12-04,49.40151043364245,50.59848956635755,0,0,0,정상,
NI,2023-12-11,49.40151043364245,50.59848956635755,0,0,0,정상,
NI,2023-12-18,49.40151043364245,50.59848956635755,0,0,0,정상,
NI,2023-12-25,49.40151043364245,50.59848956635755,0,0,0,정상,
NI,2024-01-01,51.91059000051147,48.08940999948853,0,0,0,정상,
NI,2024-01-08,51.91059000051147,48.08940999948853,0,0,0,정상,
NI,2024-01-15,51.91059000051147,48.08940999948853,0,0,0,정상,
NI,2024-01-22,51.91059000051147,48.08940999948853,0,0,0,정상,
NI,2024-01-29,51.91059000051147,48.08940999948853,0,0,0,정상,
NI,2024-02-05,50.58497919401254,49.41502080598746,0,0,0,정상,
NI,2024-02-12,50.58497919401254,49.41502080598746,0,0,0,정상,
NI,2024-02-19,50.58497919401254,49.41502080598746,0,0,0,정상,
NI,2024-02-26,50.58497919401254,49.41502080598746,0,0,0,정상,
NI,2024-03-04,42.32824185641931,57.67175814358069,1,2,2,주의,지정학0.90
NI,2024-03-11,42.32824185641931,57.67175814358069,1,2,2,주의,지정학0.90
NI,2024-03-18,42.32824185641931,57.67175814358069,1,2,2,주의,지정학0.90
NI,2024-03-25,42.32824185641931,57.67175814358069,1,2,2,주의,지정학0.90
NI,2024-04-01,37.225978015987444,62.774021984012556,1,1,2,주의,
NI,2024-04-08,37.225978015987444,62.774021984012556,1,1,1,관심,
NI,2024-04-15,37.225978015987444,62.774021984012556,1,1,1,관심,
NI,2024-04-22,37.225978015987444,62.774021984012556,1,1,1,관심,
NI,2024-04-29,37.225978015987444,62.774021984012556,1,1,1,관심,
NI,2024-05-06,27.818999266528966,72.18100073347104,1,1,1,관심,
NI,2024-05-13,27.818999266528966,72.18100073347104,1,1,1,관심,
NI,2024-05-20,27.818999266528966,72.18100073347104,1,1,1,관심,
NI,2024-05-27,27.818999266528966,72.18100073347104,1,1,1,관심,
NI,2024-06-03,41.598944952187374,58.401055047812626,1,1,1,관심,
NI,2024-06-10,41.598944952187374,58.401055047812626,1,1,1,관심,
NI,2024-06-17,41.598944952187374,58.401055047812626,1,1,1,관심,
NI,2024-06-24,41.598944952187374,58.401055047812626,1,1,1,관심,
NI,2024-07-01,49.219354962927135,50.780645037072865,0,0,1,관심,
NI,2024-07-08,49.219354962927135,50.780645037072865,0,0,0,정상,
NI,2024-07-15,49.219354962927135,50.780645037072865,0,0,0,정상,
NI,2024-07-22,49.219354962927135,50.780645037072865,0,0,0,정상,
NI,2024-07-29,49.219354962927135,50.780645037072865,0,0,0,정상,
NI,2024-08-05,49.73511080144852,50.26488919855148,0,0,0,정상,
NI,2024-08-12,49.73511080144852,50.26488919855148,0,0,0,정상,
NI,2024-08-19,49.73511080144852,50.26488919855148,0,0,0,정상,
NI,2024-08-26,49.73511080144852,50.26488919855148,0,0,0,정상,
NI,2024-09-02,50.36265566100721,49.63734433899279,0,0,0,정상,
NI,2024-09-09,50.36265566100721,49.63734433899279,0,0,0,정상,
NI,2024-09-16,50.36265566100721,49.63734433899279,0,0,0,정상,
NI,2024-09-23,50.36265566100721,49.63734433899279,0,0,0,정상,
NI,2024-09-30,50.36265566100721,49.63734433899279,0,0,0,정상,
NI,2024-10-07,45.611731661144574,54.388268338855426,0,2,2,주의,지정학0.90
NI,2024-10-14,45.611731661144574,54.388268338855426,0,2,2,주의,지정학0.90
NI,2024-10-21,45.611731661144574,54.388268338855426,0,2,2,주의,지정학0.90
NI,2024-10-28,45.611731661144574,54.388268338855426,0,2,2,주의,지정학0.90
NI,2024-11-04,53.725344970821325,46.274655029178675,0,0,2,주의,
NI,2024-11-11,53.725344970821325,46.274655029178675,0,0,0,정상,
NI,2024-11-18,53.725344970821325,46.274655029178675,0,0,0,정상,
NI,2024-11-25,53.725344970821325,46.274655029178675,0,0,0,정상,
NI,2024-12-02,55.99075925074134,44.00924074925866,0,0,0,정상,
NI,2024-12-09,55.99075925074134,44.00924074925866,0,0,0,정상,
NI,2024-12-16,55.99075925074134,44.00924074925866,0,0,0,정상,
NI,2024-12-23,55.99075925074134,44.00924074925866,0,0,0,정상,
NI,2024-12-30,55.99075925074134,44.00924074925866,0,0,0,정상,
NI,2025-01-06,60.012779628016354,39.987220371983646,0,0,0,정상,
NI,2025-01-13,60.012779628016354,39.987220371983646,0,0,0,정상,
NI,2025-01-20,60.012779628016354,39.987220371983646,0,0,0,정상,
NI,2025-01-27,60.012779628016354,39.987220371983646,0,0,0,정상,
NI,2025-02-03,60.53077835747067,39.46922164252933,0,0,0,정상,
NI,2025-02-10,60.53077835747067,39.46922164252933,0,0,0,정상,
NI,2025-02-17,60.53077835747067,39.46922164252933,0,0,0,정상,
NI,2025-02-24,60.53077835747067,39.46922164252933,0,0,0,정상,
NI,2025-03-03,54.40468041504621,45.59531958495379,0,0,0,정상,
NI,2025-03-10,54.40468041504621,45.59531958495379,0,0,0,정상,
NI,2025-03-17,54.40468041504621,45.59531958495379,0,0,0,정상,
NI,2025-03-24,54.40468041504621,45.59531958495379,0,0,0,정상,
NI,2025-03-31,54.40468041504621,45.59531958495379,0,0,0,정상,
NI,2025-04-07,60.24559122642907,39.75440877357093,0,2,2,주의,지정학0.85
NI,2025-04-14,60.24559122642907,39.75440877357093,0,2,2,주의,지정학0.85
NI,2025-04-21,60.24559122642907,39.75440877357093,0,2,2,주의,지정학0.85
NI,2025-04-28,60.24559122642907,39.75440877357093,0,2,2,주의,지정학0.85
NI,2025-05-05,59.3723118322194,40.6276881677806,0,0,2,주의,
NI,2025-05-12,59.3723118322194,40.6276881677806,0,0,0,정상,
NI,2025-05-19,59.3723118322194,40.6276881677806,0,0,0,정상,
NI,2025-05-26,59.3723118322194,40.6276881677806,0,0,0,정상,
NI,2025-06-02,61.48349287626679,38.51650712373321,0,0,0,정상,
NI,2025-06-09,61.48349287626679,38.51650712373321,0,0,0,정상,
NI,2025-06-16,61.48349287626679,38.51650712373321,0,0,0,정상,
NI,2025-06-23,61.48349287626679,38.51650712373321,0,0,0,정상,
NI,2025-06-30,61.48349287626679,38.51650712373321,0,0,0,정상,
NI,2025-07-07,61.51928216781706,38.48071783218294,0,2,2,주의,지정학0.90
NI,2025-07-14,61.51928216781706,38.48071783218294,0,2,2,주의,지정학0.90
NI,2025-07-21,61.51928216781706,38.48071783218294,0,2,2,주의,지정학0.90
NI,2025-07-28,61.51928216781706,38.48071783218294,0,2,2,주의,지정학0.90
NI,2025-08-04,62.57569728966852,37.42430271033148,0,0,2,주의,
NI,2025-08-11,62.57569728966852,37.42430271033148,0,0,0,정상,
NI,2025-08-18,62.57569728966852,37.42430271033148,0,0,0,정상,
NI,2025-08-25,62.57569728966852,37.42430271033148,0,0,0,정상,
NI,2025-09-01,61.73520574041572,38.26479425958428,0,0,0,정상,
NI,2025-09-08,61.73520574041572,38.26479425958428,0,0,0,정상,
NI,2025-09-15,61.73520574041572,38.26479425958428,0,0,0,정상,
NI,2025-09-22,61.73520574041572,38.26479425958428,0,0,0,정상,
NI,2025-09-29,61.73520574041572,38.26479425958428,0,0,0,정상,
NI,2025-10-06,62.311215412044376,37.688784587955624,0,2,2,주의,지정학0.90
NI,2025-10-13,62.311215412044376,37.688784587955624,0,2,2,주의,지정학0.90
NI,2025-10-20,62.311215412044376,37.688784587955624,0,2,2,주의,지정학0.90
NI,2025-10-27,62.311215412044376,37.688784587955624,0,2,2,주의,지정학0.90
NI,2025-11-03,65.36826871600351,34.63173128399649,0,0,2,주의,
NI,2025-11-10,65.36826871600351,34.63173128399649,0,0,0,정상,
NI,2025-11-17,65.36826871600351,34.63173128399649,0,0,0,정상,
NI,2025-11-24,65.36826871600351,34.63173128399649,0,0,0,정상,
NI,2025-12-01,64.7392276755714,35.2607723244286,0,0,0,정상,
NI,2025-12-08,64.7392276755714,35.2607723244286,0,0,0,정상,
NI,2025-12-15,64.7392276755714,35.2607723244286,0,0,0,정상,
NI,2025-12-22,64.7392276755714,35.2607723244286,0,0,0,정상,
NI,2025-12-29,64.7392276755714,35.2607723244286,0,0,0,정상,
NI,2026-01-05,44.42630561931827,55.57369438068173,0,2,2,주의,지정학0.85
NI,2026-01-12,44.42630561931827,55.57369438068173,0,2,2,주의,지정학0.85
NI,2026-01-19,44.42630561931827,55.57369438068173,0,2,2,주의,지정학0.85
NI,2026-01-26,44.42630561931827,55.57369438068173,0,2,2,주의,지정학0.85
NI,2026-02-02,51.3909625144546,48.6090374855454,0,0,2,주의,
NI,2026-02-09,51.3909625144546,48.6090374855454,0,0,0,정상,
NI,2026-02-16,51.3909625144546,48.6090374855454,0,0,0,정상,
NI,2026-02-23,51.3909625144546,48.6090374855454,0,0,0,정상,
NI,2026-03-02,52.277919979418236,47.722080020581764,0,0,0,정상,
NI,2026-03-09,52.277919979418236,47.722080020581764,0,0,0,정상,
NI,2026-03-16,52.277919979418236,47.722080020581764,0,0,0,정상,
NI,2026-03-23,52.277919979418236,47.722080020581764,0,0,0,정상,
NI,2026-03-30,52.277919979418236,47.722080020581764,0,0,0,정상,
NI,2026-04-06,46.29852089930136,53.70147910069864,0,2,2,주의,지정학0.85
NI,2026-04-13,46.29852089930136,53.70147910069864,0,2,2,주의,지정학0.85
NI,2026-04-20,46.29852089930136,53.70147910069864,0,2,2,주의,지정학0.85
NI,2026-04-27,46.29852089930136,53.70147910069864,0,2,2,주의,지정학0.85
NI,2026-05-04,41.53668538224649,58.46331461775351,1,1,2,주의,
NI,2026-05-11,41.53668538224649,58.46331461775351,1,1,1,관심,
NI,2026-05-18,41.53668538224649,58.46331461775351,1,1,1,관심,
NI,2026-05-25,41.53668538224649,58.46331461775351,1,1,1,관심,
NI,2026-06-01,41.53668538224649,58.46331461775351,1,1,1,관심,
NI,2026-06-08,41.53668538224649,58.46331461775351,1,1,1,관심,
NI,2026-06-15,41.53668538224649,58.46331461775351,1,1,1,관심,
